date,year,month,day,weekday,predicted_value,SC_id
2023-12-01,2023,12,1,4,81632.33986698836,1
2023-12-02,2023,12,2,5,72410.61866414547,1
2023-12-03,2023,12,3,6,65823.07870209217,1
2023-12-04,2023,12,4,0,60093.19205202907,1
2023-12-05,2023,12,5,1,58142.26369767636,1
2023-12-06,2023,12,6,2,57888.86796848476,1
2023-12-07,2023,12,7,3,56319.92018467188,1
2023-12-08,2023,12,8,4,55202.17904428393,1
2023-12-09,2023,12,9,5,58188.26990456879,1
2023-12-10,2023,12,10,6,61205.74211765826,1
2023-12-11,2023,12,11,0,84408.35968860984,1
2023-12-12,2023,12,12,1,83287.66290041059,1
2023-12-13,2023,12,13,2,67555.05037821084,1
2023-12-14,2023,12,14,3,63730.433297514915,1
2023-12-15,2023,12,15,4,49586.63407037407,1
2023-12-16,2023,12,16,5,48196.057041704655,1
2023-12-17,2023,12,17,6,45590.124298885465,1
2023-12-18,2023,12,18,0,43094.862476184964,1
2023-12-19,2023,12,19,1,43405.81838551164,1
2023-12-20,2023,12,20,2,43123.29332740605,1
2023-12-21,2023,12,21,3,43092.51125383377,1
2023-12-22,2023,12,22,4,42859.269400693476,1
2023-12-23,2023,12,23,5,42791.876006126404,1
2023-12-24,2023,12,24,6,40775.695674568415,1
2023-12-25,2023,12,25,0,39890.959218010306,1
2023-12-26,2023,12,26,1,42422.11492344737,1
2023-12-27,2023,12,27,2,42856.8629411757,1
2023-12-28,2023,12,28,3,42986.90081521869,1
2023-12-29,2023,12,29,4,42532.974113829434,1
2023-12-30,2023,12,30,5,42494.927804365754,1
2023-12-01,2023,12,1,4,14120.969493229408,2
2023-12-02,2023,12,2,5,12007.71590559557,2
2023-12-03,2023,12,3,6,11447.53436482884,2
2023-12-04,2023,12,4,0,10587.04808774637,2
2023-12-05,2023,12,5,1,10464.09120311495,2
2023-12-06,2023,12,6,2,10630.110743287485,2
2023-12-07,2023,12,7,3,10132.536063910462,2
2023-12-08,2023,12,8,4,10344.457777286414,2
2023-12-09,2023,12,9,5,12082.322827571537,2
2023-12-10,2023,12,10,6,12529.622936670668,2
2023-12-11,2023,12,11,0,14326.841951990966,2
2023-12-12,2023,12,12,1,13446.54048569128,2
2023-12-13,2023,12,13,2,9942.87378169503,2
2023-12-14,2023,12,14,3,9003.104703414254,2
2023-12-15,2023,12,15,4,8554.163316779304,2
2023-12-16,2023,12,16,5,8469.841210418846,2
2023-12-17,2023,12,17,6,8108.107535340823,2
2023-12-18,2023,12,18,0,8220.801778451074,2
2023-12-19,2023,12,19,1,8096.453926581424,2
2023-12-20,2023,12,20,2,8019.84345673956,2
2023-12-21,2023,12,21,3,7994.000877398066,2
2023-12-22,2023,12,22,4,7966.027857712936,2
2023-12-23,2023,12,23,5,7931.7978238458745,2
2023-12-24,2023,12,24,6,7876.499970209319,2
2023-12-25,2023,12,25,0,8504.731521585025,2
2023-12-26,2023,12,26,1,8451.684155567084,2
2023-12-27,2023,12,27,2,8134.7098423196,2
2023-12-28,2023,12,28,3,7998.900589433964,2
2023-12-29,2023,12,29,4,8006.871459750459,2
2023-12-30,2023,12,30,5,8125.631030309945,2
2023-12-01,2023,12,1,4,16094.810723067494,3
2023-12-02,2023,12,2,5,16610.678786184173,3
2023-12-03,2023,12,3,6,16256.536227383185,3
2023-12-04,2023,12,4,0,14730.500328543363,3
2023-12-05,2023,12,5,1,13442.684797630413,3
2023-12-06,2023,12,6,2,13167.693682309473,3
2023-12-07,2023,12,7,3,13420.631620561471,3
2023-12-08,2023,12,8,4,13318.35207356885,3
2023-12-09,2023,12,9,5,14770.873417523224,3
2023-12-10,2023,12,10,6,15382.763203285402,3
2023-12-11,2023,12,11,0,14666.839243795257,3
2023-12-12,2023,12,12,1,15342.661095255055,3
2023-12-13,2023,12,13,2,15179.198810966918,3
2023-12-14,2023,12,14,3,14347.726705166046,3
2023-12-15,2023,12,15,4,13479.155595391989,3
2023-12-16,2023,12,16,5,13128.725456836633,3
2023-12-17,2023,12,17,6,12878.186764508253,3
2023-12-18,2023,12,18,0,12528.31977525074,3
2023-12-19,2023,12,19,1,12464.810801473446,3
2023-12-20,2023,12,20,2,12583.884103405522,3
2023-12-21,2023,12,21,3,12568.773895847145,3
2023-12-22,2023,12,22,4,12690.782647288404,3
2023-12-23,2023,12,23,5,12264.908371495316,3
2023-12-24,2023,12,24,6,12233.594367618673,3
2023-12-25,2023,12,25,0,11922.134126306744,3
2023-12-26,2023,12,26,1,11847.377218136098,3
2023-12-27,2023,12,27,2,11892.455855950713,3
2023-12-28,2023,12,28,3,11893.179672456114,3
2023-12-29,2023,12,29,4,11999.149712198647,3
2023-12-30,2023,12,30,5,11972.719492477598,3
2023-12-01,2023,12,1,4,37424.778962824494,4
2023-12-02,2023,12,2,5,34091.596989605576,4
2023-12-03,2023,12,3,6,31035.125485487282,4
2023-12-04,2023,12,4,0,28190.678691275418,4
2023-12-05,2023,12,5,1,25897.400074839592,4
2023-12-06,2023,12,6,2,26273.999039784074,4
2023-12-07,2023,12,7,3,25181.474284064025,4
2023-12-08,2023,12,8,4,24666.728381495923,4
2023-12-09,2023,12,9,5,29695.85735782236,4
2023-12-10,2023,12,10,6,29143.288020845503,4
2023-12-11,2023,12,11,0,38356.3234064728,4
2023-12-12,2023,12,12,1,33844.34126275405,4
2023-12-13,2023,12,13,2,32690.535554111004,4
2023-12-14,2023,12,14,3,29458.497382361442,4
2023-12-15,2023,12,15,4,30448.26291642338,4
2023-12-16,2023,12,16,5,33143.391965117306,4
2023-12-17,2023,12,17,6,29374.70556114614,4
2023-12-18,2023,12,18,0,26362.449600812048,4
2023-12-19,2023,12,19,1,24121.304967377335,4
2023-12-20,2023,12,20,2,22157.209748055786,4
2023-12-21,2023,12,21,3,22050.480991329998,4
2023-12-22,2023,12,22,4,21101.496050402522,4
2023-12-23,2023,12,23,5,20198.082346610725,4
2023-12-24,2023,12,24,6,19602.159495230764,4
2023-12-25,2023,12,25,0,18396.33751019463,4
2023-12-26,2023,12,26,1,18114.785071223974,4
2023-12-27,2023,12,27,2,19072.274587087333,4
2023-12-28,2023,12,28,3,18826.42252080515,4
2023-12-29,2023,12,29,4,18710.778930015862,4
2023-12-30,2023,12,30,5,19568.325329441577,4
2023-12-01,2023,12,1,4,46878.85770636145,5
2023-12-02,2023,12,2,5,47667.39312240784,5
2023-12-03,2023,12,3,6,40816.041770677315,5
2023-12-04,2023,12,4,0,33185.122814667644,5
2023-12-05,2023,12,5,1,31854.541618438438,5
2023-12-06,2023,12,6,2,31992.648271479877,5
2023-12-07,2023,12,7,3,33873.193153548054,5
2023-12-08,2023,12,8,4,33994.1469825299,5
2023-12-09,2023,12,9,5,40561.17720709881,5
2023-12-10,2023,12,10,6,45695.40950258798,5
2023-12-11,2023,12,11,0,50669.83852910809,5
2023-12-12,2023,12,12,1,49362.45844341512,5
2023-12-13,2023,12,13,2,38045.8793110433,5
2023-12-14,2023,12,14,3,36411.54293587548,5
2023-12-15,2023,12,15,4,27914.215810771333,5
2023-12-16,2023,12,16,5,27415.399152177153,5
2023-12-17,2023,12,17,6,27157.77150550508,5
2023-12-18,2023,12,18,0,24617.708694104338,5
2023-12-19,2023,12,19,1,23528.17432851577,5
2023-12-20,2023,12,20,2,23160.35677155177,5
2023-12-21,2023,12,21,3,22644.64516235795,5
2023-12-22,2023,12,22,4,22918.59989818069,5
2023-12-23,2023,12,23,5,24008.96982990182,5
2023-12-24,2023,12,24,6,22658.630337768467,5
2023-12-25,2023,12,25,0,21403.879957885016,5
2023-12-26,2023,12,26,1,21123.197784609394,5
2023-12-27,2023,12,27,2,21340.230879152194,5
2023-12-28,2023,12,28,3,21300.19086757698,5
2023-12-29,2023,12,29,4,21425.88580151135,5
2023-12-30,2023,12,30,5,22032.444406416733,5
2023-12-01,2023,12,1,4,39683.711154509336,6
2023-12-02,2023,12,2,5,39122.10650275648,6
2023-12-03,2023,12,3,6,38011.73892246559,6
2023-12-04,2023,12,4,0,33116.2674947381,6
2023-12-05,2023,12,5,1,32845.44858026877,6
2023-12-06,2023,12,6,2,33426.85385799408,6
2023-12-07,2023,12,7,3,34009.57460770011,6
2023-12-08,2023,12,8,4,35363.07674048096,6
2023-12-09,2023,12,9,5,39309.131427042186,6
2023-12-10,2023,12,10,6,43680.22303075716,6
2023-12-11,2023,12,11,0,38393.04674972221,6
2023-12-12,2023,12,12,1,36645.847339734435,6
2023-12-13,2023,12,13,2,34769.18455049023,6
2023-12-14,2023,12,14,3,31887.448271371424,6
2023-12-15,2023,12,15,4,31609.993845116347,6
2023-12-16,2023,12,16,5,31100.24581371993,6
2023-12-17,2023,12,17,6,31019.616913482547,6
2023-12-18,2023,12,18,0,31287.21486331895,6
2023-12-19,2023,12,19,1,29974.21175594628,6
2023-12-20,2023,12,20,2,30018.255556937307,6
2023-12-21,2023,12,21,3,29904.10542208329,6
2023-12-22,2023,12,22,4,29826.53258917108,6
2023-12-23,2023,12,23,5,29691.933096107095,6
2023-12-24,2023,12,24,6,29962.410007905215,6
2023-12-25,2023,12,25,0,29749.827737171203,6
2023-12-26,2023,12,26,1,29750.727783851326,6
2023-12-27,2023,12,27,2,29646.44911780581,6
2023-12-28,2023,12,28,3,29532.10911585018,6
2023-12-29,2023,12,29,4,29531.28615667671,6
2023-12-30,2023,12,30,5,29291.184698596597,6
2023-12-01,2023,12,1,4,72527.22261551023,7
2023-12-02,2023,12,2,5,68664.25543951243,7
2023-12-03,2023,12,3,6,65592.97929605842,7
2023-12-04,2023,12,4,0,53583.74822923541,7
2023-12-05,2023,12,5,1,52159.545055799186,7
2023-12-06,2023,12,6,2,50519.071315579116,7
2023-12-07,2023,12,7,3,49972.928613848984,7
2023-12-08,2023,12,8,4,49965.700260825455,7
2023-12-09,2023,12,9,5,53667.06236220151,7
2023-12-10,2023,12,10,6,56718.034020252526,7
2023-12-11,2023,12,11,0,73305.09915141016,7
2023-12-12,2023,12,12,1,74516.24435284734,7
2023-12-13,2023,12,13,2,55851.39330789447,7
2023-12-14,2023,12,14,3,39859.93248350918,7
2023-12-15,2023,12,15,4,39868.12032704055,7
2023-12-16,2023,12,16,5,38721.87304466963,7
2023-12-17,2023,12,17,6,36956.73417059332,7
2023-12-18,2023,12,18,0,34919.77800805122,7
2023-12-19,2023,12,19,1,33690.68434133381,7
2023-12-20,2023,12,20,2,34323.0755975917,7
2023-12-21,2023,12,21,3,34636.92194412649,7
2023-12-22,2023,12,22,4,34607.890111245215,7
2023-12-23,2023,12,23,5,33719.8190600127,7
2023-12-24,2023,12,24,6,33432.167120970786,7
2023-12-25,2023,12,25,0,30778.144040822983,7
2023-12-26,2023,12,26,1,32746.050842382014,7
2023-12-27,2023,12,27,2,32988.94292469323,7
2023-12-28,2023,12,28,3,33120.42808380723,7
2023-12-29,2023,12,29,4,33164.50787011534,7
2023-12-30,2023,12,30,5,32427.65899927914,7
2023-12-01,2023,12,1,4,78150.80235463916,8
2023-12-02,2023,12,2,5,82226.94781943364,8
2023-12-03,2023,12,3,6,79410.82300601085,8
2023-12-04,2023,12,4,0,65484.3405080972,8
2023-12-05,2023,12,5,1,55423.12039414921,8
2023-12-06,2023,12,6,2,55966.935194222955,8
2023-12-07,2023,12,7,3,55706.358391133836,8
2023-12-08,2023,12,8,4,58239.23868487449,8
2023-12-09,2023,12,9,5,71881.34643177234,8
2023-12-10,2023,12,10,6,82851.28622604813,8
2023-12-11,2023,12,11,0,89596.36302338645,8
2023-12-12,2023,12,12,1,86489.99844669527,8
2023-12-13,2023,12,13,2,77522.88714640227,8
2023-12-14,2023,12,14,3,54658.877504924545,8
2023-12-15,2023,12,15,4,50714.658034477616,8
2023-12-16,2023,12,16,5,52365.59744390717,8
2023-12-17,2023,12,17,6,56470.19609047205,8
2023-12-18,2023,12,18,0,44917.92673878232,8
2023-12-19,2023,12,19,1,43138.490767502226,8
2023-12-20,2023,12,20,2,39067.75128327706,8
2023-12-21,2023,12,21,3,37665.05377844907,8
2023-12-22,2023,12,22,4,37369.595262235496,8
2023-12-23,2023,12,23,5,41998.29966502637,8
2023-12-24,2023,12,24,6,46618.46094349399,8
2023-12-25,2023,12,25,0,36371.14455046982,8
2023-12-26,2023,12,26,1,35642.50134681724,8
2023-12-27,2023,12,27,2,36025.82352332794,8
2023-12-28,2023,12,28,3,37686.75335062225,8
2023-12-29,2023,12,29,4,38584.83748291421,8
2023-12-30,2023,12,30,5,43447.89969680086,8
2023-12-01,2023,12,1,4,53117.45462584682,9
2023-12-02,2023,12,2,5,48000.07061468065,9
2023-12-03,2023,12,3,6,49093.72346745059,9
2023-12-04,2023,12,4,0,33350.82343528606,9
2023-12-05,2023,12,5,1,33008.34956138581,9
2023-12-06,2023,12,6,2,34868.73579652235,9
2023-12-07,2023,12,7,3,36577.16561146267,9
2023-12-08,2023,12,8,4,36851.548731446266,9
2023-12-09,2023,12,9,5,36510.6044552587,9
2023-12-10,2023,12,10,6,49499.2898450885,9
2023-12-11,2023,12,11,0,39031.46680390276,9
2023-12-12,2023,12,12,1,38812.79803816974,9
2023-12-13,2023,12,13,2,38994.65055913292,9
2023-12-14,2023,12,14,3,34908.941799161956,9
2023-12-15,2023,12,15,4,31685.37845910713,9
2023-12-16,2023,12,16,5,30380.012958806008,9
2023-12-17,2023,12,17,6,30760.33812301047,9
2023-12-18,2023,12,18,0,27196.596571961418,9
2023-12-19,2023,12,19,1,26443.72025844641,9
2023-12-20,2023,12,20,2,26788.87658348307,9
2023-12-21,2023,12,21,3,26971.29489548877,9
2023-12-22,2023,12,22,4,26867.478090643883,9
2023-12-23,2023,12,23,5,26914.7058054246,9
2023-12-24,2023,12,24,6,27288.066327499226,9
2023-12-25,2023,12,25,0,25341.01986971125,9
2023-12-26,2023,12,26,1,25910.8448362723,9
2023-12-27,2023,12,27,2,26981.123411161825,9
2023-12-28,2023,12,28,3,27049.406858094037,9
2023-12-29,2023,12,29,4,26838.938667509705,9
2023-12-30,2023,12,30,5,26753.969119552523,9
2023-12-01,2023,12,1,4,56323.27752748132,10
2023-12-02,2023,12,2,5,56169.80438288674,10
2023-12-03,2023,12,3,6,52328.91847106442,10
2023-12-04,2023,12,4,0,45832.44582244754,10
2023-12-05,2023,12,5,1,41253.462823379785,10
2023-12-06,2023,12,6,2,39274.96445010975,10
2023-12-07,2023,12,7,3,40031.338171925396,10
2023-12-08,2023,12,8,4,44305.29320155829,10
2023-12-09,2023,12,9,5,50055.973427161574,10
2023-12-10,2023,12,10,6,52626.54789554328,10
2023-12-11,2023,12,11,0,51460.51223928109,10
2023-12-12,2023,12,12,1,51055.374438557774,10
2023-12-13,2023,12,13,2,50559.82486241311,10
2023-12-14,2023,12,14,3,46102.211002420634,10
2023-12-15,2023,12,15,4,45668.35603775084,10
2023-12-16,2023,12,16,5,46887.171533443034,10
2023-12-17,2023,12,17,6,46133.362670876086,10
2023-12-18,2023,12,18,0,43286.26738904044,10
2023-12-19,2023,12,19,1,42259.195012010634,10
2023-12-20,2023,12,20,2,42222.199652045965,10
2023-12-21,2023,12,21,3,42297.44079950452,10
2023-12-22,2023,12,22,4,43012.16281375289,10
2023-12-23,2023,12,23,5,43138.89404285699,10
2023-12-24,2023,12,24,6,42147.820250395685,10
2023-12-25,2023,12,25,0,39366.2484401539,10
2023-12-26,2023,12,26,1,37090.670579992235,10
2023-12-27,2023,12,27,2,38286.9958159551,10
2023-12-28,2023,12,28,3,38217.56157479063,10
2023-12-29,2023,12,29,4,39623.94347561896,10
2023-12-30,2023,12,30,5,39644.85059809312,10
2023-12-01,2023,12,1,4,13741.504691414535,12
2023-12-02,2023,12,2,5,13685.17601554282,12
2023-12-03,2023,12,3,6,10488.914781089872,12
2023-12-04,2023,12,4,0,7813.779733672738,12
2023-12-05,2023,12,5,1,7384.895332949236,12
2023-12-06,2023,12,6,2,7512.297671897337,12
2023-12-07,2023,12,7,3,7001.875338990241,12
2023-12-08,2023,12,8,4,7645.136554803699,12
2023-12-09,2023,12,9,5,10820.54229079187,12
2023-12-10,2023,12,10,6,11538.635477542877,12
2023-12-11,2023,12,11,0,15128.287060363218,12
2023-12-12,2023,12,12,1,13590.138643901795,12
2023-12-13,2023,12,13,2,5905.153370779008,12
2023-12-14,2023,12,14,3,3535.1270608454943,12
2023-12-15,2023,12,15,4,2686.8159816209227,12
2023-12-16,2023,12,16,5,4137.636949757114,12
2023-12-17,2023,12,17,6,3627.818758526817,12
2023-12-18,2023,12,18,0,2773.630529722199,12
2023-12-19,2023,12,19,1,2826.22435811162,12
2023-12-20,2023,12,20,2,2927.673208767548,12
2023-12-21,2023,12,21,3,3137.192159924656,12
2023-12-22,2023,12,22,4,3153.21169199422,12
2023-12-23,2023,12,23,5,3846.125787872821,12
2023-12-24,2023,12,24,6,4186.407187450677,12
2023-12-25,2023,12,25,0,3588.8172025363892,12
2023-12-26,2023,12,26,1,3622.613458521664,12
2023-12-27,2023,12,27,2,3206.341588906944,12
2023-12-28,2023,12,28,3,3120.9202754143625,12
2023-12-29,2023,12,29,4,3072.4950779937208,12
2023-12-30,2023,12,30,5,4030.08449716866,12
2023-12-01,2023,12,1,4,1549.0152519758558,14
2023-12-02,2023,12,2,5,1511.1103536091978,14
2023-12-03,2023,12,3,6,1355.3745052932063,14
2023-12-04,2023,12,4,0,1265.8282282729633,14
2023-12-05,2023,12,5,1,1193.7796983032022,14
2023-12-06,2023,12,6,2,1150.8981375913136,14
2023-12-07,2023,12,7,3,1177.478757966077,14
2023-12-08,2023,12,8,4,1177.4898400692036,14
2023-12-09,2023,12,9,5,1174.6275703151478,14
2023-12-10,2023,12,10,6,1267.2801227120217,14
2023-12-11,2023,12,11,0,1357.6412395450752,14
2023-12-12,2023,12,12,1,1391.957018797053,14
2023-12-13,2023,12,13,2,1416.9480683982838,14
2023-12-14,2023,12,14,3,1439.0124859616626,14
2023-12-15,2023,12,15,4,1432.0494512987789,14
2023-12-16,2023,12,16,5,1396.8558896124596,14
2023-12-17,2023,12,17,6,1308.6766487314599,14
2023-12-18,2023,12,18,0,1375.2753904347774,14
2023-12-19,2023,12,19,1,1347.2524430810008,14
2023-12-20,2023,12,20,2,1394.2783896307228,14
2023-12-21,2023,12,21,3,1382.454611520865,14
2023-12-22,2023,12,22,4,1374.6072815904627,14
2023-12-23,2023,12,23,5,1301.9725999962538,14
2023-12-24,2023,12,24,6,1289.7240840117447,14
2023-12-25,2023,12,25,0,1417.877120998688,14
2023-12-26,2023,12,26,1,1422.8861718132393,14
2023-12-27,2023,12,27,2,1464.3068973935442,14
2023-12-28,2023,12,28,3,1433.9953048044117,14
2023-12-29,2023,12,29,4,1443.2646492797649,14
2023-12-30,2023,12,30,5,1455.1793142269598,14
2023-12-01,2023,12,1,4,4505.121439293958,15
2023-12-02,2023,12,2,5,4403.716964235995,15
2023-12-03,2023,12,3,6,4324.5502748345025,15
2023-12-04,2023,12,4,0,3495.712113516871,15
2023-12-05,2023,12,5,1,4036.1142141083255,15
2023-12-06,2023,12,6,2,4040.2248161467724,15
2023-12-07,2023,12,7,3,4080.6826753369533,15
2023-12-08,2023,12,8,4,4078.37976245163,15
2023-12-09,2023,12,9,5,4087.780986199621,15
2023-12-10,2023,12,10,6,4437.741124260239,15
2023-12-11,2023,12,11,0,3605.341083479114,15
2023-12-12,2023,12,12,1,4208.602931010537,15
2023-12-13,2023,12,13,2,4095.873309873976,15
2023-12-14,2023,12,14,3,3822.418548342306,15
2023-12-15,2023,12,15,4,3937.495861798059,15
2023-12-16,2023,12,16,5,3905.1364248041064,15
2023-12-17,2023,12,17,6,4226.023187136743,15
2023-12-18,2023,12,18,0,3345.7989880559035,15
2023-12-19,2023,12,19,1,3736.9698453056626,15
2023-12-20,2023,12,20,2,3950.7887651817873,15
2023-12-21,2023,12,21,3,3855.734056715388,15
2023-12-22,2023,12,22,4,3934.564364289865,15
2023-12-23,2023,12,23,5,3733.211222724989,15
2023-12-24,2023,12,24,6,3785.660776097793,15
2023-12-25,2023,12,25,0,3439.2501704772003,15
2023-12-26,2023,12,26,1,4253.531651827041,15
2023-12-27,2023,12,27,2,4538.4672130062245,15
2023-12-28,2023,12,28,3,4561.083784237504,15
2023-12-29,2023,12,29,4,4411.998117002193,15
2023-12-30,2023,12,30,5,4232.495494042523,15
2023-12-01,2023,12,1,4,5938.384573484305,16
2023-12-02,2023,12,2,5,5132.550225256477,16
2023-12-03,2023,12,3,6,3996.71528151026,16
2023-12-04,2023,12,4,0,2745.850932702888,16
2023-12-05,2023,12,5,1,3104.302451547701,16
2023-12-06,2023,12,6,2,3164.427072575083,16
2023-12-07,2023,12,7,3,3351.707234443631,16
2023-12-08,2023,12,8,4,3264.69257297297,16
2023-12-09,2023,12,9,5,3587.0255771896336,16
2023-12-10,2023,12,10,6,4201.887305956567,16
2023-12-11,2023,12,11,0,6084.644990860252,16
2023-12-12,2023,12,12,1,6588.87681003008,16
2023-12-13,2023,12,13,2,6630.732873935951,16
2023-12-14,2023,12,14,3,5052.058014280628,16
2023-12-15,2023,12,15,4,4024.9461440618616,16
2023-12-16,2023,12,16,5,2862.473653485533,16
2023-12-17,2023,12,17,6,2358.9013140208554,16
2023-12-18,2023,12,18,0,1975.9860007371753,16
2023-12-19,2023,12,19,1,1868.01539558894,16
2023-12-20,2023,12,20,2,1662.2498686492909,16
2023-12-21,2023,12,21,3,1794.9326700989623,16
2023-12-22,2023,12,22,4,2053.0063328570686,16
2023-12-23,2023,12,23,5,2020.404370451346,16
2023-12-24,2023,12,24,6,2402.3578201341443,16
2023-12-25,2023,12,25,0,2504.4126930404454,16
2023-12-26,2023,12,26,1,2291.7913375424687,16
2023-12-27,2023,12,27,2,2034.1839552409947,16
2023-12-28,2023,12,28,3,2024.4258417463861,16
2023-12-29,2023,12,29,4,2135.3711192789488,16
2023-12-30,2023,12,30,5,2084.779088704381,16
2023-12-01,2023,12,1,4,25662.424097682,17
2023-12-02,2023,12,2,5,24332.462149444036,17
2023-12-03,2023,12,3,6,24180.59660418611,17
2023-12-04,2023,12,4,0,22301.700757471728,17
2023-12-05,2023,12,5,1,21385.73521318275,17
2023-12-06,2023,12,6,2,21123.902017472894,17
2023-12-07,2023,12,7,3,20978.56349859701,17
2023-12-08,2023,12,8,4,21633.15823423944,17
2023-12-09,2023,12,9,5,24131.75261851959,17
2023-12-10,2023,12,10,6,25118.490097926813,17
2023-12-11,2023,12,11,0,25200.933947717305,17
2023-12-12,2023,12,12,1,24563.103356106672,17
2023-12-13,2023,12,13,2,21803.249446791946,17
2023-12-14,2023,12,14,3,20884.69357330387,17
2023-12-15,2023,12,15,4,19677.612890485325,17
2023-12-16,2023,12,16,5,19566.50721119519,17
2023-12-17,2023,12,17,6,18636.763704097364,17
2023-12-18,2023,12,18,0,18445.804492205614,17
2023-12-19,2023,12,19,1,18574.553935532807,17
2023-12-20,2023,12,20,2,18713.95163252158,17
2023-12-21,2023,12,21,3,18709.293960408075,17
2023-12-22,2023,12,22,4,18717.32011169754,17
2023-12-23,2023,12,23,5,18453.039667407167,17
2023-12-24,2023,12,24,6,18318.899484609603,17
2023-12-25,2023,12,25,0,18366.73357193009,17
2023-12-26,2023,12,26,1,18466.998646527063,17
2023-12-27,2023,12,27,2,18504.703773837537,17
2023-12-28,2023,12,28,3,18552.79459975264,17
2023-12-29,2023,12,29,4,18507.253327751998,17
2023-12-30,2023,12,30,5,18344.351378573687,17
2023-12-01,2023,12,1,4,8629.349505823106,18
2023-12-02,2023,12,2,5,8045.100431088358,18
2023-12-03,2023,12,3,6,7401.160490656272,18
2023-12-04,2023,12,4,0,5871.791882120073,18
2023-12-05,2023,12,5,1,5960.465954102576,18
2023-12-06,2023,12,6,2,6304.452669547871,18
2023-12-07,2023,12,7,3,6778.562512267381,18
2023-12-08,2023,12,8,4,6908.468104129657,18
2023-12-09,2023,12,9,5,8290.040351171046,18
2023-12-10,2023,12,10,6,8343.716353269294,18
2023-12-11,2023,12,11,0,8379.943070294335,18
2023-12-12,2023,12,12,1,8266.821022979915,18
2023-12-13,2023,12,13,2,7017.689038071781,18
2023-12-14,2023,12,14,3,5809.982257045805,18
2023-12-15,2023,12,15,4,5659.305213838816,18
2023-12-16,2023,12,16,5,5489.414743440226,18
2023-12-17,2023,12,17,6,5266.882968137041,18
2023-12-18,2023,12,18,0,5160.229919636622,18
2023-12-19,2023,12,19,1,5354.505309579894,18
2023-12-20,2023,12,20,2,5376.168433371931,18
2023-12-21,2023,12,21,3,5406.475155135617,18
2023-12-22,2023,12,22,4,5225.116516202688,18
2023-12-23,2023,12,23,5,5222.050002293661,18
2023-12-24,2023,12,24,6,5014.985267179087,18
2023-12-25,2023,12,25,0,4975.765628905967,18
2023-12-26,2023,12,26,1,5030.40603720583,18
2023-12-27,2023,12,27,2,5013.407937318087,18
2023-12-28,2023,12,28,3,5017.005568927154,18
2023-12-29,2023,12,29,4,4876.535454945639,18
2023-12-30,2023,12,30,5,4934.728426869959,18
2023-12-01,2023,12,1,4,15475.70634394046,19
2023-12-02,2023,12,2,5,13697.581422161311,19
2023-12-03,2023,12,3,6,12272.324734218419,19
2023-12-04,2023,12,4,0,10074.495310001075,19
2023-12-05,2023,12,5,1,9440.79831490852,19
2023-12-06,2023,12,6,2,9589.280154219829,19
2023-12-07,2023,12,7,3,9560.673262607306,19
2023-12-08,2023,12,8,4,10534.687747942284,19
2023-12-09,2023,12,9,5,12210.809495757334,19
2023-12-10,2023,12,10,6,12516.493688278832,19
2023-12-11,2023,12,11,0,15952.297595033422,19
2023-12-12,2023,12,12,1,12789.11098705791,19
2023-12-13,2023,12,13,2,9396.501058933325,19
2023-12-14,2023,12,14,3,8434.970983821899,19
2023-12-15,2023,12,15,4,8009.028005333617,19
2023-12-16,2023,12,16,5,7542.487683271058,19
2023-12-17,2023,12,17,6,5901.412828262895,19
2023-12-18,2023,12,18,0,6815.502193658613,19
2023-12-19,2023,12,19,1,6599.227175364271,19
2023-12-20,2023,12,20,2,6550.40012179967,19
2023-12-21,2023,12,21,3,6550.9181953296065,19
2023-12-22,2023,12,22,4,6400.380968166515,19
2023-12-23,2023,12,23,5,6007.183249271475,19
2023-12-24,2023,12,24,6,4858.975080314092,19
2023-12-25,2023,12,25,0,6197.452143723145,19
2023-12-26,2023,12,26,1,6124.769836878404,19
2023-12-27,2023,12,27,2,5737.922941711731,19
2023-12-28,2023,12,28,3,5972.830657152459,19
2023-12-29,2023,12,29,4,5933.247817643918,19
2023-12-30,2023,12,30,5,6486.551262160763,19
2023-12-01,2023,12,1,4,263.3521638062375,20
2023-12-02,2023,12,2,5,262.4909411878325,20
2023-12-03,2023,12,3,6,262.3921461504069,20
2023-12-04,2023,12,4,0,253.26412138302112,20
2023-12-05,2023,12,5,1,249.26110829482786,20
2023-12-06,2023,12,6,2,251.14130689803278,20
2023-12-07,2023,12,7,3,258.23632533778436,20
2023-12-08,2023,12,8,4,266.4511556341604,20
2023-12-09,2023,12,9,5,271.8304551541805,20
2023-12-10,2023,12,10,6,263.9646814376174,20
2023-12-11,2023,12,11,0,265.1930126201478,20
2023-12-12,2023,12,12,1,261.89646060267114,20
2023-12-13,2023,12,13,2,250.47589631646406,20
2023-12-14,2023,12,14,3,250.96718291036086,20
2023-12-15,2023,12,15,4,244.35858628386632,20
2023-12-16,2023,12,16,5,251.88936865713913,20
2023-12-17,2023,12,17,6,252.24828487704508,20
2023-12-18,2023,12,18,0,230.51723684137687,20
2023-12-19,2023,12,19,1,217.22557421270176,20
2023-12-20,2023,12,20,2,208.92537338944385,20
2023-12-21,2023,12,21,3,204.6141169022594,20
2023-12-22,2023,12,22,4,199.93405467129196,20
2023-12-23,2023,12,23,5,199.10993446479551,20
2023-12-24,2023,12,24,6,200.7500651520386,20
2023-12-25,2023,12,25,0,211.33956406460493,20
2023-12-26,2023,12,26,1,197.89783943351358,20
2023-12-27,2023,12,27,2,185.12631897471147,20
2023-12-28,2023,12,28,3,173.37165192639804,20
2023-12-29,2023,12,29,4,168.4403007045912,20
2023-12-30,2023,12,30,5,168.24225095874863,20
2023-12-01,2023,12,1,4,4803.396793342195,21
2023-12-02,2023,12,2,5,4401.8077722941525,21
2023-12-03,2023,12,3,6,4247.727681204677,21
2023-12-04,2023,12,4,0,3470.72346570855,21
2023-12-05,2023,12,5,1,2304.113739336375,21
2023-12-06,2023,12,6,2,2424.419987015892,21
2023-12-07,2023,12,7,3,2420.1193434540182,21
2023-12-08,2023,12,8,4,3110.3563246433623,21
2023-12-09,2023,12,9,5,3690.6798624494113,21
2023-12-10,2023,12,10,6,3763.8972178339027,21
2023-12-11,2023,12,11,0,4040.8407816123217,21
2023-12-12,2023,12,12,1,4247.973563397769,21
2023-12-13,2023,12,13,2,3906.936209092848,21
2023-12-14,2023,12,14,3,4004.5406891815364,21
2023-12-15,2023,12,15,4,4518.4114498826675,21
2023-12-16,2023,12,16,5,2441.1104578445666,21
2023-12-17,2023,12,17,6,1872.7799381758086,21
2023-12-18,2023,12,18,0,1480.9290381758474,21
2023-12-19,2023,12,19,1,1497.6845433874987,21
2023-12-20,2023,12,20,2,1394.3960204306059,21
2023-12-21,2023,12,21,3,1407.3724141558632,21
2023-12-22,2023,12,22,4,1747.7697821883485,21
2023-12-23,2023,12,23,5,1735.948626653757,21
2023-12-24,2023,12,24,6,1849.623486883007,21
2023-12-25,2023,12,25,0,1796.7253210437484,21
2023-12-26,2023,12,26,1,1809.8708422626369,21
2023-12-27,2023,12,27,2,1630.3433603774756,21
2023-12-28,2023,12,28,3,1595.9481861097738,21
2023-12-29,2023,12,29,4,1881.9723919196986,21
2023-12-30,2023,12,30,5,1827.9963596872985,21
2023-12-01,2023,12,1,4,27046.823517151177,22
2023-12-02,2023,12,2,5,18728.670332226902,22
2023-12-03,2023,12,3,6,15768.767123948783,22
2023-12-04,2023,12,4,0,53134.142543792725,22
2023-12-05,2023,12,5,1,21986.35450943187,22
2023-12-06,2023,12,6,2,22806.624595843256,22
2023-12-07,2023,12,7,3,18573.663080643862,22
2023-12-08,2023,12,8,4,17641.789415266365,22
2023-12-09,2023,12,9,5,17491.05229201913,22
2023-12-10,2023,12,10,6,17765.086257368326,22
2023-12-11,2023,12,11,0,49281.618721250445,22
2023-12-12,2023,12,12,1,20902.088713344187,22
2023-12-13,2023,12,13,2,20299.981304049492,22
2023-12-14,2023,12,14,3,16865.52110951394,22
2023-12-15,2023,12,15,4,16047.769612658769,22
2023-12-16,2023,12,16,5,15092.519095439464,22
2023-12-17,2023,12,17,6,14487.575530305505,22
2023-12-18,2023,12,18,0,22156.880903340876,22
2023-12-19,2023,12,19,1,10816.523550007492,22
2023-12-20,2023,12,20,2,8624.977604601532,22
2023-12-21,2023,12,21,3,8508.84532846883,22
2023-12-22,2023,12,22,4,8492.154712188989,22
2023-12-23,2023,12,23,5,8303.429870646447,22
2023-12-24,2023,12,24,6,8250.917714051902,22
2023-12-25,2023,12,25,0,12217.422924883664,22
2023-12-26,2023,12,26,1,6463.381841935217,22
2023-12-27,2023,12,27,2,6328.988635856658,22
2023-12-28,2023,12,28,3,6959.396455783397,22
2023-12-29,2023,12,29,4,7453.719498634338,22
2023-12-30,2023,12,30,5,7404.722083073109,22
2023-12-01,2023,12,1,4,4258.365755054925,23
2023-12-02,2023,12,2,5,4516.692966442904,23
2023-12-03,2023,12,3,6,4435.402392543387,23
2023-12-04,2023,12,4,0,4118.206482347508,23
2023-12-05,2023,12,5,1,4020.278193557693,23
2023-12-06,2023,12,6,2,3998.8856132489746,23
2023-12-07,2023,12,7,3,4023.185168742086,23
2023-12-08,2023,12,8,4,4336.191270182084,23
2023-12-09,2023,12,9,5,5180.282025043678,23
2023-12-10,2023,12,10,6,5944.36539235519,23
2023-12-11,2023,12,11,0,5781.982327530568,23
2023-12-12,2023,12,12,1,5496.311954365461,23
2023-12-13,2023,12,13,2,4329.685426183743,23
2023-12-14,2023,12,14,3,4003.751905714802,23
2023-12-15,2023,12,15,4,4331.893615984591,23
2023-12-16,2023,12,16,5,4317.607070833677,23
2023-12-17,2023,12,17,6,4265.53828863072,23
2023-12-18,2023,12,18,0,3900.7612756658345,23
2023-12-19,2023,12,19,1,3765.8502724290593,23
2023-12-20,2023,12,20,2,3741.826666214387,23
2023-12-21,2023,12,21,3,3754.526320917881,23
2023-12-22,2023,12,22,4,3938.9183001822676,23
2023-12-23,2023,12,23,5,3923.6221573299263,23
2023-12-24,2023,12,24,6,3803.7003640198964,23
2023-12-25,2023,12,25,0,3877.6058872966096,23
2023-12-26,2023,12,26,1,3828.6099861257244,23
2023-12-27,2023,12,27,2,3758.652317168482,23
2023-12-28,2023,12,28,3,3778.5256989272893,23
2023-12-29,2023,12,29,4,3992.3669902520487,23
2023-12-30,2023,12,30,5,4147.521550267586,23
2023-12-01,2023,12,1,4,11735.828438135795,24
2023-12-02,2023,12,2,5,8801.503039832227,24
2023-12-03,2023,12,3,6,7403.93099737633,24
2023-12-04,2023,12,4,0,6215.145876322873,24
2023-12-05,2023,12,5,1,6197.6653848122805,24
2023-12-06,2023,12,6,2,6290.379579747096,24
2023-12-07,2023,12,7,3,6152.528851012699,24
2023-12-08,2023,12,8,4,6373.491462229751,24
2023-12-09,2023,12,9,5,8418.145927723497,24
2023-12-10,2023,12,10,6,7743.556838759221,24
2023-12-11,2023,12,11,0,11322.063033019193,24
2023-12-12,2023,12,12,1,9155.749867433682,24
2023-12-13,2023,12,13,2,7385.964683172293,24
2023-12-14,2023,12,14,3,5576.670669455081,24
2023-12-15,2023,12,15,4,5006.762972703204,24
2023-12-16,2023,12,16,5,5795.859586506151,24
2023-12-17,2023,12,17,6,4845.799126202241,24
2023-12-18,2023,12,18,0,4714.081641258672,24
2023-12-19,2023,12,19,1,4900.351792068221,24
2023-12-20,2023,12,20,2,4669.355557691306,24
2023-12-21,2023,12,21,3,4770.826262042858,24
2023-12-22,2023,12,22,4,4443.576660541818,24
2023-12-23,2023,12,23,5,4578.9059530142695,24
2023-12-24,2023,12,24,6,4221.458989974111,24
2023-12-25,2023,12,25,0,5033.553807942197,24
2023-12-26,2023,12,26,1,4755.258684494533,24
2023-12-27,2023,12,27,2,4211.974802237935,24
2023-12-28,2023,12,28,3,4246.397586540319,24
2023-12-29,2023,12,29,4,4167.113731524907,24
2023-12-30,2023,12,30,5,4285.853272569366,24
2023-12-01,2023,12,1,4,53137.579194748774,25
2023-12-02,2023,12,2,5,55413.76352804154,25
2023-12-03,2023,12,3,6,56491.354656841606,25
2023-12-04,2023,12,4,0,48643.5922841914,25
2023-12-05,2023,12,5,1,50028.923968076706,25
2023-12-06,2023,12,6,2,50030.373216401786,25
2023-12-07,2023,12,7,3,50515.23633252643,25
2023-12-08,2023,12,8,4,49431.154456190765,25
2023-12-09,2023,12,9,5,53134.41540293954,25
2023-12-10,2023,12,10,6,56574.460364412516,25
2023-12-11,2023,12,11,0,53481.8721639812,25
2023-12-12,2023,12,12,1,54448.274908889085,25
2023-12-13,2023,12,13,2,53709.725776053965,25
2023-12-14,2023,12,14,3,50909.09640058689,25
2023-12-15,2023,12,15,4,47340.62579640187,25
2023-12-16,2023,12,16,5,46201.27527198382,25
2023-12-17,2023,12,17,6,46417.05131888203,25
2023-12-18,2023,12,18,0,47292.569425033405,25
2023-12-19,2023,12,19,1,48216.20442557894,25
2023-12-20,2023,12,20,2,48097.91158830747,25
2023-12-21,2023,12,21,3,47777.31244007498,25
2023-12-22,2023,12,22,4,45943.13339839503,25
2023-12-23,2023,12,23,5,43649.68534414284,25
2023-12-24,2023,12,24,6,44002.15337973088,25
2023-12-25,2023,12,25,0,45075.65001319349,25
2023-12-26,2023,12,26,1,44790.10784511082,25
2023-12-27,2023,12,27,2,44730.008659916,25
2023-12-28,2023,12,28,3,45325.987851461396,25
2023-12-29,2023,12,29,4,44828.58050313406,25
2023-12-30,2023,12,30,5,43686.44413179159,25
2023-12-01,2023,12,1,4,4915.581361277029,26
2023-12-02,2023,12,2,5,4497.256260804832,26
2023-12-03,2023,12,3,6,4391.082033922896,26
2023-12-04,2023,12,4,0,4360.6647856440395,26
2023-12-05,2023,12,5,1,4418.179142239504,26
2023-12-06,2023,12,6,2,4470.77467238158,26
2023-12-07,2023,12,7,3,4481.197594492696,26
2023-12-08,2023,12,8,4,4496.784566012211,26
2023-12-09,2023,12,9,5,4568.879380522296,26
2023-12-10,2023,12,10,6,4512.916212581098,26
2023-12-11,2023,12,11,0,5037.826785261743,26
2023-12-12,2023,12,12,1,4834.537147975527,26
2023-12-13,2023,12,13,2,4468.0935359997675,26
2023-12-14,2023,12,14,3,4375.9694688189775,26
2023-12-15,2023,12,15,4,4325.910075107589,26
2023-12-16,2023,12,16,5,4274.955702349544,26
2023-12-17,2023,12,17,6,4180.107371179387,26
2023-12-18,2023,12,18,0,4286.027891005389,26
2023-12-19,2023,12,19,1,4342.122142072767,26
2023-12-20,2023,12,20,2,4360.323893297464,26
2023-12-21,2023,12,21,3,4325.619104219601,26
2023-12-22,2023,12,22,4,4269.656448992901,26
2023-12-23,2023,12,23,5,4233.715865549631,26
2023-12-24,2023,12,24,6,4153.276524456218,26
2023-12-25,2023,12,25,0,4295.655312328599,26
2023-12-26,2023,12,26,1,4292.013661997393,26
2023-12-27,2023,12,27,2,4280.523532620631,26
2023-12-28,2023,12,28,3,4252.193154703826,26
2023-12-29,2023,12,29,4,4194.803713033907,26
2023-12-30,2023,12,30,5,4146.07216049172,26
2023-12-01,2023,12,1,4,10050.282052358612,27
2023-12-02,2023,12,2,5,10759.16667803377,27
2023-12-03,2023,12,3,6,8579.575297087431,27
2023-12-04,2023,12,4,0,7094.060230648145,27
2023-12-05,2023,12,5,1,6394.968691550195,27
2023-12-06,2023,12,6,2,6255.580932455137,27
2023-12-07,2023,12,7,3,6826.504847712815,27
2023-12-08,2023,12,8,4,7513.388921465725,27
2023-12-09,2023,12,9,5,11896.443225113675,27
2023-12-10,2023,12,10,6,11072.88863054663,27
2023-12-11,2023,12,11,0,13472.576327493414,27
2023-12-12,2023,12,12,1,10983.027667520568,27
2023-12-13,2023,12,13,2,7253.924854665995,27
2023-12-14,2023,12,14,3,6371.215177798644,27
2023-12-15,2023,12,15,4,4764.778497282416,27
2023-12-16,2023,12,16,5,5347.317671557888,27
2023-12-17,2023,12,17,6,5176.590579783544,27
2023-12-18,2023,12,18,0,3212.353847503662,27
2023-12-19,2023,12,19,1,2862.1380146909505,27
2023-12-20,2023,12,20,2,2589.464039793238,27
2023-12-21,2023,12,21,3,2644.3051400072873,27
2023-12-22,2023,12,22,4,2771.584294581786,27
2023-12-23,2023,12,23,5,4308.024698801339,27
2023-12-24,2023,12,24,6,4401.676865926012,27
2023-12-25,2023,12,25,0,3458.9523740466684,27
2023-12-26,2023,12,26,1,3283.718354942277,27
2023-12-27,2023,12,27,2,2861.8194152973592,27
2023-12-28,2023,12,28,3,2988.661852516234,27
2023-12-29,2023,12,29,4,3277.720953049138,27
2023-12-30,2023,12,30,5,4684.754993218929,27
2023-12-01,2023,12,1,4,1716.8517097332515,28
2023-12-02,2023,12,2,5,1515.1493420064216,28
2023-12-03,2023,12,3,6,1457.8911403581733,28
2023-12-04,2023,12,4,0,1493.3183591613779,28
2023-12-05,2023,12,5,1,1468.4958920035278,28
2023-12-06,2023,12,6,2,1423.1404972748132,28
2023-12-07,2023,12,7,3,1493.9600017420016,28
2023-12-08,2023,12,8,4,1629.7937459851382,28
2023-12-09,2023,12,9,5,1713.0056656276574,28
2023-12-10,2023,12,10,6,2067.8719908354105,28
2023-12-11,2023,12,11,0,2618.383427586057,28
2023-12-12,2023,12,12,1,2599.698494166136,28
2023-12-13,2023,12,13,2,2428.1234721911605,28
2023-12-14,2023,12,14,3,2262.5721803131746,28
2023-12-15,2023,12,15,4,1610.1921117020538,28
2023-12-16,2023,12,16,5,1596.2373896299396,28
2023-12-17,2023,12,17,6,1475.5564943834906,28
2023-12-18,2023,12,18,0,1389.544669653289,28
2023-12-19,2023,12,19,1,1290.577209456591,28
2023-12-20,2023,12,20,2,1173.6187901044032,28
2023-12-21,2023,12,21,3,1132.3867260040715,28
2023-12-22,2023,12,22,4,1118.923048058059,28
2023-12-23,2023,12,23,5,1146.2145134938182,28
2023-12-24,2023,12,24,6,1192.381353443605,28
2023-12-25,2023,12,25,0,1286.2870519824792,28
2023-12-26,2023,12,26,1,1207.5427984597627,28
2023-12-27,2023,12,27,2,1143.1882897276664,28
2023-12-28,2023,12,28,3,1136.597026920761,28
2023-12-29,2023,12,29,4,1148.2092915161047,28
2023-12-30,2023,12,30,5,1174.2937362680677,28
2023-12-01,2023,12,1,4,10617.335229032557,29
2023-12-02,2023,12,2,5,9246.945313678589,29
2023-12-03,2023,12,3,6,8648.463123130961,29
2023-12-04,2023,12,4,0,8729.19737719046,29
2023-12-05,2023,12,5,1,8769.888399869553,29
2023-12-06,2023,12,6,2,8798.308216543635,29
2023-12-07,2023,12,7,3,8708.176769408747,29
2023-12-08,2023,12,8,4,8914.705065205344,29
2023-12-09,2023,12,9,5,9722.793028250337,29
2023-12-10,2023,12,10,6,9437.798952255864,29
2023-12-11,2023,12,11,0,10415.17488125083,29
2023-12-12,2023,12,12,1,9913.314258202794,29
2023-12-13,2023,12,13,2,9346.974185749306,29
2023-12-14,2023,12,14,3,7008.939409838407,29
2023-12-15,2023,12,15,4,6939.137283135671,29
2023-12-16,2023,12,16,5,6829.339135442744,29
2023-12-17,2023,12,17,6,6738.905207531177,29
2023-12-18,2023,12,18,0,6907.3647985133575,29
2023-12-19,2023,12,19,1,6933.713559256634,29
2023-12-20,2023,12,20,2,6826.844058670453,29
2023-12-21,2023,12,21,3,6792.990889616893,29
2023-12-22,2023,12,22,4,6776.220042189583,29
2023-12-23,2023,12,23,5,6736.41381631617,29
2023-12-24,2023,12,24,6,6864.348216274753,29
2023-12-25,2023,12,25,0,7142.917043324094,29
2023-12-26,2023,12,26,1,7124.923816727358,29
2023-12-27,2023,12,27,2,6841.008737190394,29
2023-12-28,2023,12,28,3,6807.592519657221,29
2023-12-29,2023,12,29,4,6727.965709059616,29
2023-12-30,2023,12,30,5,6712.4373796880245,29
2023-12-01,2023,12,1,4,9134.545894201845,30
2023-12-02,2023,12,2,5,8947.376836832613,30
2023-12-03,2023,12,3,6,7817.757875047624,30
2023-12-04,2023,12,4,0,6515.765932112932,30
2023-12-05,2023,12,5,1,6861.584088187665,30
2023-12-06,2023,12,6,2,6673.912061370909,30
2023-12-07,2023,12,7,3,7573.745715346187,30
2023-12-08,2023,12,8,4,8725.266623545438,30
2023-12-09,2023,12,9,5,7780.917455743998,30
2023-12-10,2023,12,10,6,7329.092844512314,30
2023-12-11,2023,12,11,0,7143.8867478221655,30
2023-12-12,2023,12,12,1,7384.802418217063,30
2023-12-13,2023,12,13,2,7037.351238429546,30
2023-12-14,2023,12,14,3,7129.448696509004,30
2023-12-15,2023,12,15,4,8166.283678535372,30
2023-12-16,2023,12,16,5,7304.980510987341,30
2023-12-17,2023,12,17,6,6368.443474795669,30
2023-12-18,2023,12,18,0,6239.378261800855,30
2023-12-19,2023,12,19,1,6261.561736308038,30
2023-12-20,2023,12,20,2,5512.647582460195,30
2023-12-21,2023,12,21,3,6305.159630622715,30
2023-12-22,2023,12,22,4,7561.647030629218,30
2023-12-23,2023,12,23,5,7244.856640025973,30
2023-12-24,2023,12,24,6,7281.2186712399125,30
2023-12-25,2023,12,25,0,7253.178758509457,30
2023-12-26,2023,12,26,1,7091.272868849337,30
2023-12-27,2023,12,27,2,6400.597975090146,30
2023-12-28,2023,12,28,3,6727.326057635248,30
2023-12-29,2023,12,29,4,7817.827163543552,30
2023-12-30,2023,12,30,5,7963.467997387052,30
2023-12-01,2023,12,1,4,19619.683159600012,31
2023-12-02,2023,12,2,5,19001.430246712174,31
2023-12-03,2023,12,3,6,16657.24288048502,31
2023-12-04,2023,12,4,0,14462.374575464055,31
2023-12-05,2023,12,5,1,13387.772055334412,31
2023-12-06,2023,12,6,2,13371.982930397615,31
2023-12-07,2023,12,7,3,13570.602635022253,31
2023-12-08,2023,12,8,4,13306.47311974829,31
2023-12-09,2023,12,9,5,14173.100741749164,31
2023-12-10,2023,12,10,6,14660.482601892669,31
2023-12-11,2023,12,11,0,18519.64597091684,31
2023-12-12,2023,12,12,1,18624.095964522567,31
2023-12-13,2023,12,13,2,16952.578184929676,31
2023-12-14,2023,12,14,3,15706.430442418903,31
2023-12-15,2023,12,15,4,12816.81900614826,31
2023-12-16,2023,12,16,5,12706.011403216049,31
2023-12-17,2023,12,17,6,11501.883162950166,31
2023-12-18,2023,12,18,0,11126.935429636855,31
2023-12-19,2023,12,19,1,11134.756284878124,31
2023-12-20,2023,12,20,2,11168.34530722117,31
2023-12-21,2023,12,21,3,11273.000737728085,31
2023-12-22,2023,12,22,4,11219.364321338478,31
2023-12-23,2023,12,23,5,11175.171629551332,31
2023-12-24,2023,12,24,6,10821.494239783846,31
2023-12-25,2023,12,25,0,11032.130824058317,31
2023-12-26,2023,12,26,1,11006.055811292958,31
2023-12-27,2023,12,27,2,11053.60640327353,31
2023-12-28,2023,12,28,3,11224.18557739351,31
2023-12-29,2023,12,29,4,11205.395360338036,31
2023-12-30,2023,12,30,5,11287.916677704081,31
2023-12-01,2023,12,1,4,5752.911659535021,32
2023-12-02,2023,12,2,5,5202.397320732474,32
2023-12-03,2023,12,3,6,3942.8396620494314,32
2023-12-04,2023,12,4,0,3042.8043415341526,32
2023-12-05,2023,12,5,1,2650.5427439929917,32
2023-12-06,2023,12,6,2,2707.574001383502,32
2023-12-07,2023,12,7,3,3036.850425440818,32
2023-12-08,2023,12,8,4,3707.158696299419,32
2023-12-09,2023,12,9,5,4237.0304686841555,32
2023-12-10,2023,12,10,6,4361.5846127872355,32
2023-12-11,2023,12,11,0,5302.643880571239,32
2023-12-12,2023,12,12,1,3215.4799898429774,32
2023-12-13,2023,12,13,2,2480.9593262327835,32
2023-12-14,2023,12,14,3,2202.680736878421,32
2023-12-15,2023,12,15,4,1953.2476291628554,32
2023-12-16,2023,12,16,5,2040.6932720136829,32
2023-12-17,2023,12,17,6,1531.1894375495613,32
2023-12-18,2023,12,18,0,1941.4814848536626,32
2023-12-19,2023,12,19,1,1794.592132175807,32
2023-12-20,2023,12,20,2,1670.3203048142605,32
2023-12-21,2023,12,21,3,1956.8258460103534,32
2023-12-22,2023,12,22,4,1946.061260892544,32
2023-12-23,2023,12,23,5,1805.1716417553835,32
2023-12-24,2023,12,24,6,1340.6579542430118,32
2023-12-25,2023,12,25,0,2118.9238160382956,32
2023-12-26,2023,12,26,1,1946.5583677696995,32
2023-12-27,2023,12,27,2,1856.2551265330985,32
2023-12-28,2023,12,28,3,1944.8897520150058,32
2023-12-29,2023,12,29,4,1877.9631162816659,32
2023-12-30,2023,12,30,5,1457.7611888861284,32
2023-12-01,2023,12,1,4,13098.968628076604,34
2023-12-02,2023,12,2,5,11518.36017920659,34
2023-12-03,2023,12,3,6,10349.750089824898,34
2023-12-04,2023,12,4,0,10024.670778847532,34
2023-12-05,2023,12,5,1,9928.66087478702,34
2023-12-06,2023,12,6,2,10102.313561917981,34
2023-12-07,2023,12,7,3,10080.4108661192,34
2023-12-08,2023,12,8,4,10178.432764443103,34
2023-12-09,2023,12,9,5,11042.0124609794,34
2023-12-10,2023,12,10,6,11185.656595679699,34
2023-12-11,2023,12,11,0,12660.771114801522,34
2023-12-12,2023,12,12,1,11456.13202183554,34
2023-12-13,2023,12,13,2,10272.189745227806,34
2023-12-14,2023,12,14,3,9753.843878368381,34
2023-12-15,2023,12,15,4,9580.078731138026,34
2023-12-16,2023,12,16,5,9816.374514712486,34
2023-12-17,2023,12,17,6,9406.87765050074,34
2023-12-18,2023,12,18,0,9217.015522075118,34
2023-12-19,2023,12,19,1,9163.968840710353,34
2023-12-20,2023,12,20,2,9175.902868088102,34
2023-12-21,2023,12,21,3,9210.349690323696,34
2023-12-22,2023,12,22,4,9298.362112111412,34
2023-12-23,2023,12,23,5,9856.931188737275,34
2023-12-24,2023,12,24,6,9464.03070391086,34
2023-12-25,2023,12,25,0,9356.579332136549,34
2023-12-26,2023,12,26,1,9327.299033529125,34
2023-12-27,2023,12,27,2,9350.500182799995,34
2023-12-28,2023,12,28,3,9358.311378398445,34
2023-12-29,2023,12,29,4,9455.311523507582,34
2023-12-30,2023,12,30,5,10049.177814066177,34
2023-12-01,2023,12,1,4,40347.58572515473,35
2023-12-02,2023,12,2,5,40621.3243986126,35
2023-12-03,2023,12,3,6,34953.25113037322,35
2023-12-04,2023,12,4,0,31344.864124643616,35
2023-12-05,2023,12,5,1,30748.05930488743,35
2023-12-06,2023,12,6,2,31202.191414225847,35
2023-12-07,2023,12,7,3,31208.751778712496,35
2023-12-08,2023,12,8,4,32819.541284405626,35
2023-12-09,2023,12,9,5,35928.75560735073,35
2023-12-10,2023,12,10,6,40352.696287031285,35
2023-12-11,2023,12,11,0,39576.30047662556,35
2023-12-12,2023,12,12,1,38540.223801901564,35
2023-12-13,2023,12,13,2,36939.60829338431,35
2023-12-14,2023,12,14,3,35299.36313282605,35
2023-12-15,2023,12,15,4,34540.39145103097,35
2023-12-16,2023,12,16,5,33944.02639578469,35
2023-12-17,2023,12,17,6,33815.8702503657,35
2023-12-18,2023,12,18,0,32836.88594420347,35
2023-12-19,2023,12,19,1,32319.943412467837,35
2023-12-20,2023,12,20,2,32268.284382097423,35
2023-12-21,2023,12,21,3,32119.507228765637,35
2023-12-22,2023,12,22,4,32011.946695114486,35
2023-12-23,2023,12,23,5,31808.70941939857,35
2023-12-24,2023,12,24,6,31700.38411902357,35
2023-12-25,2023,12,25,0,31274.65669250395,35
2023-12-26,2023,12,26,1,30357.29934968427,35
2023-12-27,2023,12,27,2,30530.977609307505,35
2023-12-28,2023,12,28,3,30300.82253755536,35
2023-12-29,2023,12,29,4,30398.194919826463,35
2023-12-30,2023,12,30,5,30615.655202036723,35
2023-12-01,2023,12,1,4,1347.8692823506426,36
2023-12-02,2023,12,2,5,1077.9947768708225,36
2023-12-03,2023,12,3,6,944.8526218959596,36
2023-12-04,2023,12,4,0,780.9801878908183,36
2023-12-05,2023,12,5,1,731.8476086885203,36
2023-12-06,2023,12,6,2,744.9935705924872,36
2023-12-07,2023,12,7,3,693.2842892329209,36
2023-12-08,2023,12,8,4,790.3816140356939,36
2023-12-09,2023,12,9,5,944.6480819997378,36
2023-12-10,2023,12,10,6,1127.81787735736,36
2023-12-11,2023,12,11,0,1295.5593974820804,36
2023-12-12,2023,12,12,1,1074.196018558694,36
2023-12-13,2023,12,13,2,622.0851164383348,36
2023-12-14,2023,12,14,3,523.4283566451631,36
2023-12-15,2023,12,15,4,503.12266257195733,36
2023-12-16,2023,12,16,5,373.44086442538537,36
2023-12-17,2023,12,17,6,401.60536590614356,36
2023-12-18,2023,12,18,0,463.0787536101416,36
2023-12-19,2023,12,19,1,488.38881010678597,36
2023-12-20,2023,12,20,2,594.2332757390104,36
2023-12-21,2023,12,21,3,515.356143738376,36
2023-12-22,2023,12,22,4,443.07221224182285,36
2023-12-23,2023,12,23,5,338.89032208244316,36
2023-12-24,2023,12,24,6,370.24784399429336,36
2023-12-25,2023,12,25,0,499.92256017029285,36
2023-12-26,2023,12,26,1,506.7573038097471,36
2023-12-27,2023,12,27,2,559.9160567952786,36
2023-12-28,2023,12,28,3,508.39216470206156,36
2023-12-29,2023,12,29,4,361.2707830648869,36
2023-12-30,2023,12,30,5,289.24490930419415,36
2023-12-01,2023,12,1,4,943.9659358775243,37
2023-12-02,2023,12,2,5,609.9690660890192,37
2023-12-03,2023,12,3,6,821.0794098423794,37
2023-12-04,2023,12,4,0,664.9947317186743,37
2023-12-05,2023,12,5,1,1020.4518652232364,37
2023-12-06,2023,12,6,2,913.3029770553112,37
2023-12-07,2023,12,7,3,719.919855681248,37
2023-12-08,2023,12,8,4,664.37880860921,37
2023-12-09,2023,12,9,5,639.4650763897225,37
2023-12-10,2023,12,10,6,903.4402100029401,37
2023-12-11,2023,12,11,0,714.7424634350464,37
2023-12-12,2023,12,12,1,770.0289105935954,37
2023-12-13,2023,12,13,2,824.1807142668404,37
2023-12-14,2023,12,14,3,755.8300016727298,37
2023-12-15,2023,12,15,4,741.8438344420865,37
2023-12-16,2023,12,16,5,664.2476086565293,37
2023-12-17,2023,12,17,6,577.5509173492901,37
2023-12-18,2023,12,18,0,586.9524832470343,37
2023-12-19,2023,12,19,1,571.0726077524014,37
2023-12-20,2023,12,20,2,596.2821859559044,37
2023-12-21,2023,12,21,3,602.2496773498133,37
2023-12-22,2023,12,22,4,457.7707320479676,37
2023-12-23,2023,12,23,5,476.81793179083616,37
2023-12-24,2023,12,24,6,580.759566668421,37
2023-12-25,2023,12,25,0,896.8849039217457,37
2023-12-26,2023,12,26,1,842.636403223034,37
2023-12-27,2023,12,27,2,684.7234708671458,37
2023-12-28,2023,12,28,3,700.728805129882,37
2023-12-29,2023,12,29,4,663.7814407343976,37
2023-12-30,2023,12,30,5,670.3234142647125,37
2023-12-01,2023,12,1,4,5417.528349251952,38
2023-12-02,2023,12,2,5,5394.817175352713,38
2023-12-03,2023,12,3,6,5115.715913372813,38
2023-12-04,2023,12,4,0,4495.896735069575,38
2023-12-05,2023,12,5,1,4430.900667967973,38
2023-12-06,2023,12,6,2,4451.757000049576,38
2023-12-07,2023,12,7,3,4469.759085767437,38
2023-12-08,2023,12,8,4,4500.1304995128885,38
2023-12-09,2023,12,9,5,5190.051622492727,38
2023-12-10,2023,12,10,6,5276.840754006058,38
2023-12-11,2023,12,11,0,5238.01236202172,38
2023-12-12,2023,12,12,1,4778.543478378793,38
2023-12-13,2023,12,13,2,4016.0197677807882,38
2023-12-14,2023,12,14,3,3915.453227518359,38
2023-12-15,2023,12,15,4,3897.8310717437416,38
2023-12-16,2023,12,16,5,3954.438705481356,38
2023-12-17,2023,12,17,6,3954.4331144164316,38
2023-12-18,2023,12,18,0,3976.480672542006,38
2023-12-19,2023,12,19,1,3961.1654774858616,38
2023-12-20,2023,12,20,2,3934.2858809500467,38
2023-12-21,2023,12,21,3,3944.094783581095,38
2023-12-22,2023,12,22,4,3946.5518609562423,38
2023-12-23,2023,12,23,5,3976.7668077885173,38
2023-12-24,2023,12,24,6,4182.746801939094,38
2023-12-25,2023,12,25,0,4155.022798387567,38
2023-12-26,2023,12,26,1,4055.3619970239233,38
2023-12-27,2023,12,27,2,3993.8105685256887,38
2023-12-28,2023,12,28,3,4005.3924906442408,38
2023-12-29,2023,12,29,4,4008.3259932922665,38
2023-12-30,2023,12,30,5,4046.594062314369,38
2023-12-01,2023,12,1,4,4625.407914273208,39
2023-12-02,2023,12,2,5,3302.2926251534373,39
2023-12-03,2023,12,3,6,3008.925896005472,39
2023-12-04,2023,12,4,0,2624.165763054276,39
2023-12-05,2023,12,5,1,2627.701125964755,39
2023-12-06,2023,12,6,2,2667.6405900961254,39
2023-12-07,2023,12,7,3,2706.8280011881143,39
2023-12-08,2023,12,8,4,2785.8111947074067,39
2023-12-09,2023,12,9,5,2940.5248494639527,39
2023-12-10,2023,12,10,6,3352.9375025166664,39
2023-12-11,2023,12,11,0,4059.2557857388165,39
2023-12-12,2023,12,12,1,3271.729596523568,39
2023-12-13,2023,12,13,2,2347.125045544468,39
2023-12-14,2023,12,14,3,2257.5109994541854,39
2023-12-15,2023,12,15,4,2156.4376752008684,39
2023-12-16,2023,12,16,5,2193.823809856316,39
2023-12-17,2023,12,17,6,2125.5239375929814,39
2023-12-18,2023,12,18,0,2158.914358625887,39
2023-12-19,2023,12,19,1,2165.9695995028596,39
2023-12-20,2023,12,20,2,2168.4673550918233,39
2023-12-21,2023,12,21,3,2182.809314983897,39
2023-12-22,2023,12,22,4,2159.759026121581,39
2023-12-23,2023,12,23,5,2198.567408503266,39
2023-12-24,2023,12,24,6,2368.7416533285286,39
2023-12-25,2023,12,25,0,2218.3798529086635,39
2023-12-26,2023,12,26,1,2250.7932941420004,39
2023-12-27,2023,12,27,2,2193.369482468581,39
2023-12-28,2023,12,28,3,2206.081984637305,39
2023-12-29,2023,12,29,4,2183.440839932766,39
2023-12-30,2023,12,30,5,2205.4707681867294,39
2023-12-01,2023,12,1,4,6500.5821467489,40
2023-12-02,2023,12,2,5,4826.018517838325,40
2023-12-03,2023,12,3,6,4173.6053617419675,40
2023-12-04,2023,12,4,0,4031.134477816988,40
2023-12-05,2023,12,5,1,3959.9508134000935,40
2023-12-06,2023,12,6,2,3901.9740867149085,40
2023-12-07,2023,12,7,3,3965.948644130025,40
2023-12-08,2023,12,8,4,4052.4445974961855,40
2023-12-09,2023,12,9,5,4114.073341427837,40
2023-12-10,2023,12,10,6,4597.143740926404,40
2023-12-11,2023,12,11,0,4413.302895458415,40
2023-12-12,2023,12,12,1,4447.009565651417,40
2023-12-13,2023,12,13,2,3417.4460980254225,40
2023-12-14,2023,12,14,3,3261.462672437541,40
2023-12-15,2023,12,15,4,3197.7415939210914,40
2023-12-16,2023,12,16,5,3104.7930230414495,40
2023-12-17,2023,12,17,6,3178.43233059207,40
2023-12-18,2023,12,18,0,3382.2639409960248,40
2023-12-19,2023,12,19,1,3276.731988170184,40
2023-12-20,2023,12,20,2,3185.298257329501,40
2023-12-21,2023,12,21,3,3219.695777394343,40
2023-12-22,2023,12,22,4,3240.015235995874,40
2023-12-23,2023,12,23,5,3209.566599052865,40
2023-12-24,2023,12,24,6,3367.166675137356,40
2023-12-25,2023,12,25,0,3533.858588691801,40
2023-12-26,2023,12,26,1,3455.6238486371003,40
2023-12-27,2023,12,27,2,3330.043713444378,40
2023-12-28,2023,12,28,3,3311.026806355454,40
2023-12-29,2023,12,29,4,3273.650189034175,40
2023-12-30,2023,12,30,5,3283.467691879254,40
2023-12-01,2023,12,1,4,3921.3385633649305,41
2023-12-02,2023,12,2,5,3041.6358976159245,41
2023-12-03,2023,12,3,6,2807.3746575289406,41
2023-12-04,2023,12,4,0,2340.08319719648,41
2023-12-05,2023,12,5,1,2204.322526670061,41
2023-12-06,2023,12,6,2,2219.4671468012966,41
2023-12-07,2023,12,7,3,2223.721898677759,41
2023-12-08,2023,12,8,4,2355.9193425760604,41
2023-12-09,2023,12,9,5,2960.9117761566304,41
2023-12-10,2023,12,10,6,3208.021457779687,41
2023-12-11,2023,12,11,0,3321.5287715080194,41
2023-12-12,2023,12,12,1,2393.1166310706176,41
2023-12-13,2023,12,13,2,2075.6553309992887,41
2023-12-14,2023,12,14,3,1885.227710311301,41
2023-12-15,2023,12,15,4,1845.819669790566,41
2023-12-16,2023,12,16,5,1974.3640344585292,41
2023-12-17,2023,12,17,6,1798.7975639812648,41
2023-12-18,2023,12,18,0,1806.2049635662697,41
2023-12-19,2023,12,19,1,1716.082795201335,41
2023-12-20,2023,12,20,2,1660.5025817658752,41
2023-12-21,2023,12,21,3,1637.3408604287542,41
2023-12-22,2023,12,22,4,1667.6667492114939,41
2023-12-23,2023,12,23,5,1761.7382994885556,41
2023-12-24,2023,12,24,6,1779.384887328837,41
2023-12-25,2023,12,25,0,1917.2279054988176,41
2023-12-26,2023,12,26,1,1833.0747093488462,41
2023-12-27,2023,12,27,2,1721.3678117147647,41
2023-12-28,2023,12,28,3,1738.6110534723848,41
2023-12-29,2023,12,29,4,1745.7489222027361,41
2023-12-30,2023,12,30,5,1890.4625721233897,41
2023-12-01,2023,12,1,4,11306.094066472258,43
2023-12-02,2023,12,2,5,7094.54303035466,43
2023-12-03,2023,12,3,6,6038.241668196861,43
2023-12-04,2023,12,4,0,4971.430190607905,43
2023-12-05,2023,12,5,1,4030.411064325366,43
2023-12-06,2023,12,6,2,3846.1597418906167,43
2023-12-07,2023,12,7,3,3759.174966516439,43
2023-12-08,2023,12,8,4,3640.9002011967823,43
2023-12-09,2023,12,9,5,6117.223882129416,43
2023-12-10,2023,12,10,6,7277.224566392135,43
2023-12-11,2023,12,11,0,6961.985201525968,43
2023-12-12,2023,12,12,1,7024.316469496582,43
2023-12-13,2023,12,13,2,4133.3232934735715,43
2023-12-14,2023,12,14,3,3331.8124100253917,43
2023-12-15,2023,12,15,4,2758.3490161974914,43
2023-12-16,2023,12,16,5,3453.233727985993,43
2023-12-17,2023,12,17,6,2961.402420552913,43
2023-12-18,2023,12,18,0,2846.8289513075724,43
2023-12-19,2023,12,19,1,2738.553618328646,43
2023-12-20,2023,12,20,2,2715.598891711328,43
2023-12-21,2023,12,21,3,2580.2908140807413,43
2023-12-22,2023,12,22,4,2581.4638386555016,43
2023-12-23,2023,12,23,5,3000.455667139031,43
2023-12-24,2023,12,24,6,2589.0970955369994,43
2023-12-25,2023,12,25,0,2767.006065352354,43
2023-12-26,2023,12,26,1,2658.497203995008,43
2023-12-27,2023,12,27,2,2645.9474454172887,43
2023-12-28,2023,12,28,3,2571.3970866305754,43
2023-12-29,2023,12,29,4,2531.2553095966578,43
2023-12-30,2023,12,30,5,3072.2668912354857,43
2023-12-01,2023,12,1,4,28287.317462351173,44
2023-12-02,2023,12,2,5,26775.890310172923,44
2023-12-03,2023,12,3,6,23262.947428586893,44
2023-12-04,2023,12,4,0,21086.160365245305,44
2023-12-05,2023,12,5,1,20632.7113272734,44
2023-12-06,2023,12,6,2,20444.88089213986,44
2023-12-07,2023,12,7,3,20019.48492138367,44
2023-12-08,2023,12,8,4,20047.5116066318,44
2023-12-09,2023,12,9,5,21036.12496080622,44
2023-12-10,2023,12,10,6,23964.27152488567,44
2023-12-11,2023,12,11,0,27053.393502024002,44
2023-12-12,2023,12,12,1,26893.768403953873,44
2023-12-13,2023,12,13,2,23573.60046382714,44
2023-12-14,2023,12,14,3,20584.851776137017,44
2023-12-15,2023,12,15,4,20061.193168126047,44
2023-12-16,2023,12,16,5,19046.6026776582,44
2023-12-17,2023,12,17,6,18952.04092704598,44
2023-12-18,2023,12,18,0,19107.009781660512,44
2023-12-19,2023,12,19,1,17964.81446594,44
2023-12-20,2023,12,20,2,17930.512107886374,44
2023-12-21,2023,12,21,3,17647.28209921904,44
2023-12-22,2023,12,22,4,17497.130974206142,44
2023-12-23,2023,12,23,5,17191.552527696826,44
2023-12-24,2023,12,24,6,16873.8503089929,44
2023-12-25,2023,12,25,0,17114.157443826087,44
2023-12-26,2023,12,26,1,16952.749637883157,44
2023-12-27,2023,12,27,2,17069.05285013467,44
2023-12-28,2023,12,28,3,16939.964620771818,44
2023-12-29,2023,12,29,4,16925.191847317852,44
2023-12-30,2023,12,30,5,16650.060851216316,44
2023-12-01,2023,12,1,4,2458.2261259516235,46
2023-12-02,2023,12,2,5,2287.6050904267468,46
2023-12-03,2023,12,3,6,2166.5220689068083,46
2023-12-04,2023,12,4,0,1971.956371425651,46
2023-12-05,2023,12,5,1,2047.2804942734074,46
2023-12-06,2023,12,6,2,2232.321106430376,46
2023-12-07,2023,12,7,3,2377.2266857719515,46
2023-12-08,2023,12,8,4,2533.128191465279,46
2023-12-09,2023,12,9,5,2657.356933646137,46
2023-12-10,2023,12,10,6,2795.9672311712056,46
2023-12-11,2023,12,11,0,1970.1923238718882,46
2023-12-12,2023,12,12,1,2143.306715041166,46
2023-12-13,2023,12,13,2,2601.583121913718,46
2023-12-14,2023,12,14,3,2672.370648864191,46
2023-12-15,2023,12,15,4,2716.1421665155794,46
2023-12-16,2023,12,16,5,2697.565922758542,46
2023-12-17,2023,12,17,6,2606.333752286155,46
2023-12-18,2023,12,18,0,1796.0425312384032,46
2023-12-19,2023,12,19,1,1957.726068251999,46
2023-12-20,2023,12,20,2,2297.8189831764903,46
2023-12-21,2023,12,21,3,2356.5028462531045,46
2023-12-22,2023,12,22,4,2379.8467982879374,46
2023-12-23,2023,12,23,5,2386.261279121274,46
2023-12-24,2023,12,24,6,2209.7996689863503,46
2023-12-25,2023,12,25,0,2281.0069372141734,46
2023-12-26,2023,12,26,1,2258.528827190632,46
2023-12-27,2023,12,27,2,2573.152982297819,46
2023-12-28,2023,12,28,3,2953.913543977542,46
2023-12-29,2023,12,29,4,1680.8193116714247,46
2023-12-30,2023,12,30,5,1596.4831187962554,46
2023-12-01,2023,12,1,4,65172.8460880816,47
2023-12-02,2023,12,2,5,62616.66328339279,47
2023-12-03,2023,12,3,6,58336.48842938244,47
2023-12-04,2023,12,4,0,43903.76151496172,47
2023-12-05,2023,12,5,1,39391.05296674371,47
2023-12-06,2023,12,6,2,40505.42610268295,47
2023-12-07,2023,12,7,3,40823.17152792215,47
2023-12-08,2023,12,8,4,43026.474629059434,47
2023-12-09,2023,12,9,5,58353.10850563645,47
2023-12-10,2023,12,10,6,62535.17783662677,47
2023-12-11,2023,12,11,0,55145.91349747777,47
2023-12-12,2023,12,12,1,54713.198439627886,47
2023-12-13,2023,12,13,2,52990.63419851661,47
2023-12-14,2023,12,14,3,49137.43543304503,47
2023-12-15,2023,12,15,4,46312.86292621493,47
2023-12-16,2023,12,16,5,43458.507526010275,47
2023-12-17,2023,12,17,6,40682.73591378331,47
2023-12-18,2023,12,18,0,38877.52632372081,47
2023-12-19,2023,12,19,1,38405.79226073623,47
2023-12-20,2023,12,20,2,38763.76420406997,47
2023-12-21,2023,12,21,3,38679.55192321539,47
2023-12-22,2023,12,22,4,37584.22762911022,47
2023-12-23,2023,12,23,5,38479.479455411434,47
2023-12-24,2023,12,24,6,37310.858238473535,47
2023-12-25,2023,12,25,0,36445.936545461416,47
2023-12-26,2023,12,26,1,39010.50517463684,47
2023-12-27,2023,12,27,2,39290.41483466327,47
2023-12-28,2023,12,28,3,38224.52587170899,47
2023-12-29,2023,12,29,4,36721.62104353309,47
2023-12-30,2023,12,30,5,37288.552640125155,47
2023-12-01,2023,12,1,4,2184.3085124610225,48
2023-12-02,2023,12,2,5,1334.623562753899,48
2023-12-03,2023,12,3,6,1080.328060955333,48
2023-12-04,2023,12,4,0,893.5324659080943,48
2023-12-05,2023,12,5,1,900.9720639218576,48
2023-12-06,2023,12,6,2,843.4754191165557,48
2023-12-07,2023,12,7,3,854.663578311156,48
2023-12-08,2023,12,8,4,835.5860779516515,48
2023-12-09,2023,12,9,5,1095.9690779111697,48
2023-12-10,2023,12,10,6,1019.8284059071448,48
2023-12-11,2023,12,11,0,1748.4967217199155,48
2023-12-12,2023,12,12,1,1074.5964679005556,48
2023-12-13,2023,12,13,2,804.9916472556652,48
2023-12-14,2023,12,14,3,735.791984565556,48
2023-12-15,2023,12,15,4,731.0417013032129,48
2023-12-16,2023,12,16,5,822.7746998331859,48
2023-12-17,2023,12,17,6,784.6413687166641,48
2023-12-18,2023,12,18,0,724.2289011932444,48
2023-12-19,2023,12,19,1,698.2820590288611,48
2023-12-20,2023,12,20,2,650.3451309920638,48
2023-12-21,2023,12,21,3,638.4328012154438,48
2023-12-22,2023,12,22,4,638.5378070669831,48
2023-12-23,2023,12,23,5,673.0807322251494,48
2023-12-24,2023,12,24,6,715.0283121498651,48
2023-12-25,2023,12,25,0,840.392443957564,48
2023-12-26,2023,12,26,1,684.3184997526696,48
2023-12-27,2023,12,27,2,634.9574019709253,48
2023-12-28,2023,12,28,3,630.1975913840579,48
2023-12-29,2023,12,29,4,625.3000086913235,48
2023-12-30,2023,12,30,5,652.0224043805501,48
2023-12-01,2023,12,1,4,8655.567809637636,49
2023-12-02,2023,12,2,5,8800.225062699988,49
2023-12-03,2023,12,3,6,8504.969142206013,49
2023-12-04,2023,12,4,0,7029.937408640981,49
2023-12-05,2023,12,5,1,6913.074032144621,49
2023-12-06,2023,12,6,2,6972.780780242756,49
2023-12-07,2023,12,7,3,7053.270720399916,49
2023-12-08,2023,12,8,4,7022.6394360829145,49
2023-12-09,2023,12,9,5,8040.260411225259,49
2023-12-10,2023,12,10,6,8603.525416603312,49
2023-12-11,2023,12,11,0,8271.823608197272,49
2023-12-12,2023,12,12,1,8314.79113699682,49
2023-12-13,2023,12,13,2,7931.481036027893,49
2023-12-14,2023,12,14,3,7336.214089162648,49
2023-12-15,2023,12,15,4,7176.25782440044,49
2023-12-16,2023,12,16,5,6451.593699518591,49
2023-12-17,2023,12,17,6,6056.294802442193,49
2023-12-18,2023,12,18,0,6177.4576551653445,49
2023-12-19,2023,12,19,1,6213.854275366291,49
2023-12-20,2023,12,20,2,6246.202112969011,49
2023-12-21,2023,12,21,3,6227.505037451163,49
2023-12-22,2023,12,22,4,6224.84480218403,49
2023-12-23,2023,12,23,5,5940.167447941378,49
2023-12-24,2023,12,24,6,5827.227061631158,49
2023-12-25,2023,12,25,0,5964.4680320099,49
2023-12-26,2023,12,26,1,6006.170540485531,49
2023-12-27,2023,12,27,2,5992.528914498165,49
2023-12-28,2023,12,28,3,5937.149101249874,49
2023-12-29,2023,12,29,4,5907.997597215697,49
2023-12-30,2023,12,30,5,5766.392817070708,49
2023-12-01,2023,12,1,4,18939.18907877989,51
2023-12-02,2023,12,2,5,20070.4405359691,51
2023-12-03,2023,12,3,6,18807.909174528904,51
2023-12-04,2023,12,4,0,15776.567517826334,51
2023-12-05,2023,12,5,1,14264.637288678437,51
2023-12-06,2023,12,6,2,13973.314392422326,51
2023-12-07,2023,12,7,3,14224.450771757402,51
2023-12-08,2023,12,8,4,14642.207037567161,51
2023-12-09,2023,12,9,5,17464.808714351617,51
2023-12-10,2023,12,10,6,18877.04730349779,51
2023-12-11,2023,12,11,0,20322.505930121057,51
2023-12-12,2023,12,12,1,20646.950351036154,51
2023-12-13,2023,12,13,2,18395.797137605026,51
2023-12-14,2023,12,14,3,14810.149739879183,51
2023-12-15,2023,12,15,4,13133.298601666465,51
2023-12-16,2023,12,16,5,13335.65441850759,51
2023-12-17,2023,12,17,6,13631.374355133623,51
2023-12-18,2023,12,18,0,12250.520496219397,51
2023-12-19,2023,12,19,1,11301.655768425204,51
2023-12-20,2023,12,20,2,11137.14606077224,51
2023-12-21,2023,12,21,3,10907.318187479861,51
2023-12-22,2023,12,22,4,10881.542489892803,51
2023-12-23,2023,12,23,5,10976.257387226447,51
2023-12-24,2023,12,24,6,11093.311729940586,51
2023-12-25,2023,12,25,0,10526.451371596195,51
2023-12-26,2023,12,26,1,10820.813222422265,51
2023-12-27,2023,12,27,2,10886.693768167868,51
2023-12-28,2023,12,28,3,10756.38172574155,51
2023-12-29,2023,12,29,4,10714.003439436667,51
2023-12-30,2023,12,30,5,10873.327150708996,51
2023-12-01,2023,12,1,4,17988.059256542474,52
2023-12-02,2023,12,2,5,12259.545669902116,52
2023-12-03,2023,12,3,6,7399.158722722903,52
2023-12-04,2023,12,4,0,7142.264875633642,52
2023-12-05,2023,12,5,1,4956.876078099012,52
2023-12-06,2023,12,6,2,4991.351581847295,52
2023-12-07,2023,12,7,3,5524.235287701711,52
2023-12-08,2023,12,8,4,5632.486553616822,52
2023-12-09,2023,12,9,5,6630.932884842157,52
2023-12-10,2023,12,10,6,6861.570584766567,52
2023-12-11,2023,12,11,0,12726.710328122601,52
2023-12-12,2023,12,12,1,12797.795121302828,52
2023-12-13,2023,12,13,2,11468.394341541454,52
2023-12-14,2023,12,14,3,5716.64099769108,52
2023-12-15,2023,12,15,4,5182.087864264846,52
2023-12-16,2023,12,16,5,3079.393247861415,52
2023-12-17,2023,12,17,6,1983.1677468474954,52
2023-12-18,2023,12,18,0,1522.6928436364979,52
2023-12-19,2023,12,19,1,934.458383642137,52
2023-12-20,2023,12,20,2,908.9555400274694,52
2023-12-21,2023,12,21,3,1087.0900744870305,52
2023-12-22,2023,12,22,4,2211.2801448628306,52
2023-12-23,2023,12,23,5,1950.069549486041,52
2023-12-24,2023,12,24,6,1131.0694852657616,52
2023-12-25,2023,12,25,0,785.6017658561468,52
2023-12-26,2023,12,26,1,857.1042992528528,52
2023-12-27,2023,12,27,2,1225.4882018584758,52
2023-12-28,2023,12,28,3,1425.5524172913283,52
2023-12-29,2023,12,29,4,2187.8180157095194,52
2023-12-30,2023,12,30,5,1897.5576657708734,52
2023-12-01,2023,12,1,4,39906.76206819713,53
2023-12-02,2023,12,2,5,39297.951635822654,53
2023-12-03,2023,12,3,6,36734.735734291375,53
2023-12-04,2023,12,4,0,36813.44578937814,53
2023-12-05,2023,12,5,1,36285.58649787679,53
2023-12-06,2023,12,6,2,36739.06827493012,53
2023-12-07,2023,12,7,3,37961.542127639055,53
2023-12-08,2023,12,8,4,39012.452225040644,53
2023-12-09,2023,12,9,5,38489.68574016914,53
2023-12-10,2023,12,10,6,37691.921002067626,53
2023-12-11,2023,12,11,0,40591.926916282624,53
2023-12-12,2023,12,12,1,43663.26897756383,53
2023-12-13,2023,12,13,2,44787.34134419635,53
2023-12-14,2023,12,14,3,42165.58440377191,53
2023-12-15,2023,12,15,4,41692.78105234355,53
2023-12-16,2023,12,16,5,40553.590111128986,53
2023-12-17,2023,12,17,6,36203.726094122976,53
2023-12-18,2023,12,18,0,35330.097639635205,53
2023-12-19,2023,12,19,1,35244.99700792506,53
2023-12-20,2023,12,20,2,35545.88059481606,53
2023-12-21,2023,12,21,3,35301.92864486575,53
2023-12-22,2023,12,22,4,35364.47160872072,53
2023-12-23,2023,12,23,5,35277.655223593116,53
2023-12-24,2023,12,24,6,34370.667412526906,53
2023-12-25,2023,12,25,0,34151.64571431652,53
2023-12-26,2023,12,26,1,34308.67448338121,53
2023-12-27,2023,12,27,2,34671.7567791976,53
2023-12-28,2023,12,28,3,34660.610059108585,53
2023-12-29,2023,12,29,4,34621.14304613322,53
2023-12-30,2023,12,30,5,34257.37340508029,53
2023-12-01,2023,12,1,4,22333.793702810537,54
2023-12-02,2023,12,2,5,19397.830182923935,54
2023-12-03,2023,12,3,6,13940.777769642882,54
2023-12-04,2023,12,4,0,12372.628454479389,54
2023-12-05,2023,12,5,1,11884.834306127392,54
2023-12-06,2023,12,6,2,12532.36608655611,54
2023-12-07,2023,12,7,3,12883.235768954735,54
2023-12-08,2023,12,8,4,13567.133295208216,54
2023-12-09,2023,12,9,5,15365.543019927572,54
2023-12-10,2023,12,10,6,17407.764450608287,54
2023-12-11,2023,12,11,0,23033.354736547917,54
2023-12-12,2023,12,12,1,19898.413600356784,54
2023-12-13,2023,12,13,2,12721.602405714337,54
2023-12-14,2023,12,14,3,9175.953608540352,54
2023-12-15,2023,12,15,4,8692.271054348443,54
2023-12-16,2023,12,16,5,8728.50959423231,54
2023-12-17,2023,12,17,6,8300.01880514156,54
2023-12-18,2023,12,18,0,8379.80478207022,54
2023-12-19,2023,12,19,1,8077.162936763372,54
2023-12-20,2023,12,20,2,7915.754815934226,54
2023-12-21,2023,12,21,3,7929.386355835479,54
2023-12-22,2023,12,22,4,7652.722499634139,54
2023-12-23,2023,12,23,5,7689.076323332731,54
2023-12-24,2023,12,24,6,7988.690940346569,54
2023-12-25,2023,12,25,0,8983.282055641059,54
2023-12-26,2023,12,26,1,8404.846209290437,54
2023-12-27,2023,12,27,2,8014.60200215131,54
2023-12-28,2023,12,28,3,7930.417255222332,54
2023-12-29,2023,12,29,4,7681.478630370926,54
2023-12-30,2023,12,30,5,7560.643481933512,54
2023-12-01,2023,12,1,4,6850.513068686705,55
2023-12-02,2023,12,2,5,5727.799697584705,55
2023-12-03,2023,12,3,6,4762.890067601344,55
2023-12-04,2023,12,4,0,4066.5886087301187,55
2023-12-05,2023,12,5,1,3931.337233770406,55
2023-12-06,2023,12,6,2,3937.2101762562525,55
2023-12-07,2023,12,7,3,3913.0583082190715,55
2023-12-08,2023,12,8,4,3932.880838674493,55
2023-12-09,2023,12,9,5,5392.876849743538,55
2023-12-10,2023,12,10,6,5386.061582660535,55
2023-12-11,2023,12,11,0,6548.357353268191,55
2023-12-12,2023,12,12,1,5621.195732586086,55
2023-12-13,2023,12,13,2,4331.167077876162,55
2023-12-14,2023,12,14,3,3931.4511089550797,55
2023-12-15,2023,12,15,4,3750.9898796351627,55
2023-12-16,2023,12,16,5,4038.3967041552532,55
2023-12-17,2023,12,17,6,3697.8610730362125,55
2023-12-18,2023,12,18,0,3590.08241096884,55
2023-12-19,2023,12,19,1,3594.4138547987677,55
2023-12-20,2023,12,20,2,3455.9504266630393,55
2023-12-21,2023,12,21,3,3270.849765065592,55
2023-12-22,2023,12,22,4,3230.889034890337,55
2023-12-23,2023,12,23,5,3622.7380345407873,55
2023-12-24,2023,12,24,6,3362.0761159886606,55
2023-12-25,2023,12,25,0,3377.343909110641,55
2023-12-26,2023,12,26,1,3546.167210209416,55
2023-12-27,2023,12,27,2,3296.978635369567,55
2023-12-28,2023,12,28,3,3272.1196545632556,55
2023-12-29,2023,12,29,4,3312.4767942118924,55
2023-12-30,2023,12,30,5,3694.8557572204154,55
2023-12-01,2023,12,1,4,5361.326850557467,56
2023-12-02,2023,12,2,5,5925.880796083366,56
2023-12-03,2023,12,3,6,4921.202239790931,56
2023-12-04,2023,12,4,0,3014.303009035415,56
2023-12-05,2023,12,5,1,2302.0234740517335,56
2023-12-06,2023,12,6,2,2456.5288891351083,56
2023-12-07,2023,12,7,3,2773.802177678095,56
2023-12-08,2023,12,8,4,3040.808561994927,56
2023-12-09,2023,12,9,5,5236.990366983344,56
2023-12-10,2023,12,10,6,6838.65633620054,56
2023-12-11,2023,12,11,0,9736.47414360405,56
2023-12-12,2023,12,12,1,6279.456045604544,56
2023-12-13,2023,12,13,2,3003.8626351989806,56
2023-12-14,2023,12,14,3,2017.9454820096726,56
2023-12-15,2023,12,15,4,1315.2087534622988,56
2023-12-16,2023,12,16,5,1722.5284631382674,56
2023-12-17,2023,12,17,6,928.012930481811,56
2023-12-18,2023,12,18,0,736.8535044372547,56
2023-12-19,2023,12,19,1,578.9139638905181,56
2023-12-20,2023,12,20,2,659.0592076603789,56
2023-12-21,2023,12,21,3,731.2611767989583,56
2023-12-22,2023,12,22,4,826.3078478347743,56
2023-12-23,2023,12,23,5,1501.9931452537421,56
2023-12-24,2023,12,24,6,849.142256068415,56
2023-12-25,2023,12,25,0,1027.537268441869,56
2023-12-26,2023,12,26,1,1122.6010350874858,56
2023-12-27,2023,12,27,2,791.5568719835719,56
2023-12-28,2023,12,28,3,802.3097489817301,56
2023-12-29,2023,12,29,4,794.8871010317234,56
2023-12-30,2023,12,30,5,1290.278293624404,56
2023-12-01,2023,12,1,4,16514.042169698514,57
2023-12-02,2023,12,2,5,13973.783366532996,57
2023-12-03,2023,12,3,6,14234.951955239289,57
2023-12-04,2023,12,4,0,10944.521220483817,57
2023-12-05,2023,12,5,1,10977.622712158598,57
2023-12-06,2023,12,6,2,11619.992099597119,57
2023-12-07,2023,12,7,3,11211.20461166557,57
2023-12-08,2023,12,8,4,11961.296555392444,57
2023-12-09,2023,12,9,5,13058.693374891765,57
2023-12-10,2023,12,10,6,15089.668714890257,57
2023-12-11,2023,12,11,0,14222.913755974732,57
2023-12-12,2023,12,12,1,14500.766493026167,57
2023-12-13,2023,12,13,2,13619.219051601365,57
2023-12-14,2023,12,14,3,11861.54696231708,57
2023-12-15,2023,12,15,4,9395.511784199625,57
2023-12-16,2023,12,16,5,9249.703575599007,57
2023-12-17,2023,12,17,6,9008.386298215948,57
2023-12-18,2023,12,18,0,8792.264323908836,57
2023-12-19,2023,12,19,1,8190.167389780283,57
2023-12-20,2023,12,20,2,8205.79119135812,57
2023-12-21,2023,12,21,3,8317.706667580642,57
2023-12-22,2023,12,22,4,8231.9019586863,57
2023-12-23,2023,12,23,5,8289.873114733957,57
2023-12-24,2023,12,24,6,7693.3285678504035,57
2023-12-25,2023,12,25,0,7521.450711152516,57
2023-12-26,2023,12,26,1,7532.674312299117,57
2023-12-27,2023,12,27,2,7764.519596331753,57
2023-12-28,2023,12,28,3,7765.530906622298,57
2023-12-29,2023,12,29,4,7839.632262211293,57
2023-12-30,2023,12,30,5,7958.797724267468,57
2023-12-01,2023,12,1,4,1278.5198511825874,58
2023-12-02,2023,12,2,5,1128.5795255509438,58
2023-12-03,2023,12,3,6,798.4771635495126,58
2023-12-04,2023,12,4,0,798.7255097452726,58
2023-12-05,2023,12,5,1,814.9367266880872,58
2023-12-06,2023,12,6,2,819.4278340757301,58
2023-12-07,2023,12,7,3,924.8195513695828,58
2023-12-08,2023,12,8,4,951.3130810861185,58
2023-12-09,2023,12,9,5,980.5256526895973,58
2023-12-10,2023,12,10,6,955.0047347788641,58
2023-12-11,2023,12,11,0,872.1020377949462,58
2023-12-12,2023,12,12,1,863.9363669941667,58
2023-12-13,2023,12,13,2,755.1876914120512,58
2023-12-14,2023,12,14,3,748.1883171545051,58
2023-12-15,2023,12,15,4,641.6840441013046,58
2023-12-16,2023,12,16,5,645.2801075456955,58
2023-12-17,2023,12,17,6,598.7961452322197,58
2023-12-18,2023,12,18,0,811.982846498955,58
2023-12-19,2023,12,19,1,856.0118446091365,58
2023-12-20,2023,12,20,2,773.8727927547297,58
2023-12-21,2023,12,21,3,787.0602305512002,58
2023-12-22,2023,12,22,4,789.982995714352,58
2023-12-23,2023,12,23,5,706.0384952991153,58
2023-12-24,2023,12,24,6,650.9038249063015,58
2023-12-25,2023,12,25,0,857.3999312542728,58
2023-12-26,2023,12,26,1,847.7329764275928,58
2023-12-27,2023,12,27,2,752.5966119919321,58
2023-12-28,2023,12,28,3,744.2898517885769,58
2023-12-29,2023,12,29,4,692.4717277466552,58
2023-12-30,2023,12,30,5,629.6447344231128,58
2023-12-01,2023,12,1,4,80751.54351168312,60
2023-12-02,2023,12,2,5,80278.69079438597,60
2023-12-03,2023,12,3,6,73474.14880968258,60
2023-12-04,2023,12,4,0,67413.44992324524,60
2023-12-05,2023,12,5,1,65867.58466055617,60
2023-12-06,2023,12,6,2,64821.538753990084,60
2023-12-07,2023,12,7,3,64005.30371784046,60
2023-12-08,2023,12,8,4,65290.23321002908,60
2023-12-09,2023,12,9,5,72145.41716034338,60
2023-12-10,2023,12,10,6,79752.91105008684,60
2023-12-11,2023,12,11,0,86843.25347178988,60
2023-12-12,2023,12,12,1,89087.253560327,60
2023-12-13,2023,12,13,2,88333.24996049888,60
2023-12-14,2023,12,14,3,85259.10853518732,60
2023-12-15,2023,12,15,4,75530.00149692781,60
2023-12-16,2023,12,16,5,76702.79686484858,60
2023-12-17,2023,12,17,6,78061.43614233285,60
2023-12-18,2023,12,18,0,68022.47024390288,60
2023-12-19,2023,12,19,1,64990.767158215865,60
2023-12-20,2023,12,20,2,64810.108134677634,60
2023-12-21,2023,12,21,3,64807.95391721651,60
2023-12-22,2023,12,22,4,64804.880961103365,60
2023-12-23,2023,12,23,5,63652.34838362411,60
2023-12-24,2023,12,24,6,62719.10821892135,60
2023-12-25,2023,12,25,0,58907.045220850036,60
2023-12-26,2023,12,26,1,58054.74960840121,60
2023-12-27,2023,12,27,2,58851.005247170106,60
2023-12-28,2023,12,28,3,58854.42921717465,60
2023-12-29,2023,12,29,4,59300.57988115959,60
2023-12-30,2023,12,30,5,60149.179120503366,60
2023-12-01,2023,12,1,4,1949.3892543130205,61
2023-12-02,2023,12,2,5,1606.3238305440173,61
2023-12-03,2023,12,3,6,1428.5176742366166,61
2023-12-04,2023,12,4,0,1164.3497894360917,61
2023-12-05,2023,12,5,1,1145.1979485898046,61
2023-12-06,2023,12,6,2,1225.3440280183568,61
2023-12-07,2023,12,7,3,1208.501762480766,61
2023-12-08,2023,12,8,4,1310.3975584102736,61
2023-12-09,2023,12,9,5,1530.2719336480368,61
2023-12-10,2023,12,10,6,1949.3590489372436,61
2023-12-11,2023,12,11,0,1769.8328125564149,61
2023-12-12,2023,12,12,1,1357.888600453909,61
2023-12-13,2023,12,13,2,1035.9468918633938,61
2023-12-14,2023,12,14,3,803.7752786201017,61
2023-12-15,2023,12,15,4,780.0511593051779,61
2023-12-16,2023,12,16,5,787.4359984346956,61
2023-12-17,2023,12,17,6,753.3623552628269,61
2023-12-18,2023,12,18,0,703.8633178631135,61
2023-12-19,2023,12,19,1,691.4424028116919,61
2023-12-20,2023,12,20,2,666.8011909656343,61
2023-12-21,2023,12,21,3,670.3570508800622,61
2023-12-22,2023,12,22,4,674.6830486585677,61
2023-12-23,2023,12,23,5,720.1063422853185,61
2023-12-24,2023,12,24,6,684.3857130026445,61
2023-12-25,2023,12,25,0,639.3471697090717,61
2023-12-26,2023,12,26,1,656.258198093361,61
2023-12-27,2023,12,27,2,636.1715279261116,61
2023-12-28,2023,12,28,3,635.6754873447353,61
2023-12-29,2023,12,29,4,639.5977167431265,61
2023-12-30,2023,12,30,5,716.2595581235364,61
2023-12-01,2023,12,1,4,9340.814556628466,63
2023-12-02,2023,12,2,5,7624.903364701197,63
2023-12-03,2023,12,3,6,6801.216720668599,63
2023-12-04,2023,12,4,0,6201.5330100972205,63
2023-12-05,2023,12,5,1,6103.779314639047,63
2023-12-06,2023,12,6,2,6093.423036755994,63
2023-12-07,2023,12,7,3,6021.718995254487,63
2023-12-08,2023,12,8,4,6204.550619121641,63
2023-12-09,2023,12,9,5,6240.639523593709,63
2023-12-10,2023,12,10,6,6416.552802361548,63
2023-12-11,2023,12,11,0,5587.628647355363,63
2023-12-12,2023,12,12,1,4549.58830460161,63
2023-12-13,2023,12,13,2,4213.718060350046,63
2023-12-14,2023,12,14,3,4043.060105033219,63
2023-12-15,2023,12,15,4,3981.15320684202,63
2023-12-16,2023,12,16,5,4077.611496143043,63
2023-12-17,2023,12,17,6,4250.450452340767,63
2023-12-18,2023,12,18,0,4300.356742111966,63
2023-12-19,2023,12,19,1,4081.588392464444,63
2023-12-20,2023,12,20,2,3930.6296606417745,63
2023-12-21,2023,12,21,3,3978.8010775689036,63
2023-12-22,2023,12,22,4,4039.5943973008543,63
2023-12-23,2023,12,23,5,4225.83566182293,63
2023-12-24,2023,12,24,6,4581.251678111032,63
2023-12-25,2023,12,25,0,5080.687651505694,63
2023-12-26,2023,12,26,1,4704.315124619752,63
2023-12-27,2023,12,27,2,4462.152942448854,63
2023-12-28,2023,12,28,3,4314.34621854499,63
2023-12-29,2023,12,29,4,4631.970877962187,63
2023-12-30,2023,12,30,5,4985.21918339096,63
2023-12-01,2023,12,1,4,871.6253926755162,66
2023-12-02,2023,12,2,5,887.7826652682852,66
2023-12-03,2023,12,3,6,872.3341682470054,66
2023-12-04,2023,12,4,0,824.6472891925368,66
2023-12-05,2023,12,5,1,822.1844145542127,66
2023-12-06,2023,12,6,2,817.7390477234148,66
2023-12-07,2023,12,7,3,823.606546494877,66
2023-12-08,2023,12,8,4,819.7689417620422,66
2023-12-09,2023,12,9,5,923.7125022853725,66
2023-12-10,2023,12,10,6,969.0825212955824,66
2023-12-11,2023,12,11,0,1033.0526192552643,66
2023-12-12,2023,12,12,1,836.1224007791607,66
2023-12-13,2023,12,13,2,820.4589968929649,66
2023-12-14,2023,12,14,3,786.8100564367487,66
2023-12-15,2023,12,15,4,787.1160901124822,66
2023-12-16,2023,12,16,5,815.141999337764,66
2023-12-17,2023,12,17,6,796.2278605195461,66
2023-12-18,2023,12,18,0,805.5472557136673,66
2023-12-19,2023,12,19,1,795.6161321822437,66
2023-12-20,2023,12,20,2,792.8361823911546,66
2023-12-21,2023,12,21,3,789.8502890697564,66
2023-12-22,2023,12,22,4,781.9959349807468,66
2023-12-23,2023,12,23,5,802.2975598528865,66
2023-12-24,2023,12,24,6,812.7236986899516,66
2023-12-25,2023,12,25,0,907.0012143770582,66
2023-12-26,2023,12,26,1,828.9529367093346,66
2023-12-27,2023,12,27,2,813.5637704967521,66
2023-12-28,2023,12,28,3,803.673486202606,66
2023-12-29,2023,12,29,4,791.3089467789978,66
2023-12-30,2023,12,30,5,813.2408824484446,66
2023-12-01,2023,12,1,4,2126.4481580983847,68
2023-12-02,2023,12,2,5,2370.3635820923373,68
2023-12-03,2023,12,3,6,2324.8546558949165,68
2023-12-04,2023,12,4,0,2022.9384020487778,68
2023-12-05,2023,12,5,1,1874.1946048387326,68
2023-12-06,2023,12,6,2,1780.0153282145038,68
2023-12-07,2023,12,7,3,1753.5281181158498,68
2023-12-08,2023,12,8,4,1986.1109626959078,68
2023-12-09,2023,12,9,5,2398.2426832527854,68
2023-12-10,2023,12,10,6,2697.512858083006,68
2023-12-11,2023,12,11,0,2336.8973099151626,68
2023-12-12,2023,12,12,1,2220.785447997041,68
2023-12-13,2023,12,13,2,1780.3033510241657,68
2023-12-14,2023,12,14,3,1597.838234229479,68
2023-12-15,2023,12,15,4,1621.7639953768812,68
2023-12-16,2023,12,16,5,1848.3584608430974,68
2023-12-17,2023,12,17,6,1790.1381839918904,68
2023-12-18,2023,12,18,0,1854.6627269452438,68
2023-12-19,2023,12,19,1,1793.6129308147356,68
2023-12-20,2023,12,20,2,1715.7922126110643,68
2023-12-21,2023,12,21,3,1662.6312538371421,68
2023-12-22,2023,12,22,4,1662.3431704160757,68
2023-12-23,2023,12,23,5,1749.131270124577,68
2023-12-24,2023,12,24,6,1827.8000511466525,68
2023-12-25,2023,12,25,0,2000.8564791865647,68
2023-12-26,2023,12,26,1,1899.1737132375129,68
2023-12-27,2023,12,27,2,1790.4713741336018,68
2023-12-28,2023,12,28,3,1760.5416708779521,68
2023-12-29,2023,12,29,4,1731.6936340215616,68
2023-12-30,2023,12,30,5,1780.684394500684,68
