date,SC_id,year,month,day,weekday,predicted_volume
2023/12/01,1,2023,12,1,4,80129.9
2023/12/01,2,2023,12,1,4,26243.1
2023/12/01,3,2023,12,1,4,21961.56
2023/12/01,4,2023,12,1,4,39330.42
2023/12/01,5,2023,12,1,4,46394.52
2023/12/01,6,2023,12,1,4,62783.32
2023/12/01,7,2023,12,1,4,80456.37
2023/12/01,8,2023,12,1,4,81724.55
2023/12/01,9,2023,12,1,4,68482.44
2023/12/01,10,2023,12,1,4,64584.34
2023/12/01,12,2023,12,1,4,15185.2
2023/12/01,14,2023,12,1,4,1575.8
2023/12/01,15,2023,12,1,4,5362.5
2023/12/01,16,2023,12,1,4,6395.55
2023/12/01,17,2023,12,1,4,33650.17
2023/12/01,18,2023,12,1,4,17238.47
2023/12/01,19,2023,12,1,4,18255.33
2023/12/01,20,2023,12,1,4,155.37
2023/12/01,21,2023,12,1,4,5205.47
2023/12/01,22,2023,12,1,4,15392.73
2023/12/01,23,2023,12,1,4,6412.34
2023/12/01,24,2023,12,1,4,11129.97
2023/12/01,25,2023,12,1,4,56919.41
2023/12/01,26,2023,12,1,4,9330.27
2023/12/01,27,2023,12,1,4,9334.86
2023/12/01,28,2023,12,1,4,1350.46
2023/12/01,29,2023,12,1,4,15493.27
2023/12/01,30,2023,12,1,4,7806.2
2023/12/01,31,2023,12,1,4,19342.69
2023/12/01,32,2023,12,1,4,6786.52
2023/12/01,34,2023,12,1,4,23746.33
2023/12/01,35,2023,12,1,4,31411.77
2023/12/01,36,2023,12,1,4,1760.4
2023/12/01,37,2023,12,1,4,1288.3
2023/12/01,38,2023,12,1,4,10796.81
2023/12/01,39,2023,12,1,4,8973.77
2023/12/01,40,2023,12,1,4,9928.79
2023/12/01,41,2023,12,1,4,7775.39
2023/12/01,43,2023,12,1,4,19788.94
2023/12/01,44,2023,12,1,4,29069.32
2023/12/01,46,2023,12,1,4,2714.76
2023/12/01,47,2023,12,1,4,69389.08
2023/12/01,48,2023,12,1,4,2354.57
2023/12/01,49,2023,12,1,4,10536.2
2023/12/01,51,2023,12,1,4,19901.36
2023/12/01,52,2023,12,1,4,7913.29
2023/12/01,53,2023,12,1,4,39619.43
2023/12/01,54,2023,12,1,4,25283.01
2023/12/01,55,2023,12,1,4,8451.35
2023/12/01,56,2023,12,1,4,3529.4
2023/12/01,57,2023,12,1,4,17759.58
2023/12/01,58,2023,12,1,4,1226.5
2023/12/01,60,2023,12,1,4,81147.85
2023/12/01,61,2023,12,1,4,2289.12
2023/12/01,63,2023,12,1,4,6068.68
2023/12/01,66,2023,12,1,4,899.75
2023/12/01,68,2023,12,1,4,3172.61
2023/12/02,1,2023,12,2,5,85035.76
2023/12/02,2,2023,12,2,5,19924.24
2023/12/02,3,2023,12,2,5,19911.15
2023/12/02,4,2023,12,2,5,34939.34
2023/12/02,5,2023,12,2,5,42131.06
2023/12/02,6,2023,12,2,5,53890.95
2023/12/02,7,2023,12,2,5,65844.41
2023/12/02,8,2023,12,2,5,64506.64
2023/12/02,9,2023,12,2,5,50361.96
2023/12/02,10,2023,12,2,5,53655.4
2023/12/02,12,2023,12,2,5,15172.01
2023/12/02,14,2023,12,2,5,1562.56
2023/12/02,15,2023,12,2,5,4883.34
2023/12/02,16,2023,12,2,5,5107.32
2023/12/02,17,2023,12,2,5,30698.79
2023/12/02,18,2023,12,2,5,13008.44
2023/12/02,19,2023,12,2,5,14904.28
2023/12/02,20,2023,12,2,5,143.94
2023/12/02,21,2023,12,2,5,5415.52
2023/12/02,22,2023,12,2,5,18540.13
2023/12/02,23,2023,12,2,5,5040.05
2023/12/02,24,2023,12,2,5,8144.71
2023/12/02,25,2023,12,2,5,58001.29
2023/12/02,26,2023,12,2,5,6928.31
2023/12/02,27,2023,12,2,5,7002.9
2023/12/02,28,2023,12,2,5,1398.35
2023/12/02,29,2023,12,2,5,11645.98
2023/12/02,30,2023,12,2,5,7386.28
2023/12/02,31,2023,12,2,5,21278.51
2023/12/02,32,2023,12,2,5,4372.86
2023/12/02,34,2023,12,2,5,16094.45
2023/12/02,35,2023,12,2,5,34878.6
2023/12/02,36,2023,12,2,5,1213.23
2023/12/02,37,2023,12,2,5,968.38
2023/12/02,38,2023,12,2,5,7447.28
2023/12/02,39,2023,12,2,5,4662.68
2023/12/02,40,2023,12,2,5,6030.91
2023/12/02,41,2023,12,2,5,4060.17
2023/12/02,43,2023,12,2,5,9549.72
2023/12/02,44,2023,12,2,5,26931.49
2023/12/02,46,2023,12,2,5,2307.21
2023/12/02,47,2023,12,2,5,54942.01
2023/12/02,48,2023,12,2,5,1254.26
2023/12/02,49,2023,12,2,5,10573.5
2023/12/02,51,2023,12,2,5,19871.61
2023/12/02,52,2023,12,2,5,9119.95
2023/12/02,53,2023,12,2,5,39526.56
2023/12/02,54,2023,12,2,5,22254.64
2023/12/02,55,2023,12,2,5,6266.78
2023/12/02,56,2023,12,2,5,3093.82
2023/12/02,57,2023,12,2,5,15865.97
2023/12/02,58,2023,12,2,5,942.52
2023/12/02,60,2023,12,2,5,81857.22
2023/12/02,61,2023,12,2,5,1853.64
2023/12/02,63,2023,12,2,5,6547.35
2023/12/02,66,2023,12,2,5,845.12
2023/12/02,68,2023,12,2,5,2379.7
2023/12/03,1,2023,12,3,6,84684.77
2023/12/03,2,2023,12,3,6,15285.63
2023/12/03,3,2023,12,3,6,17392.54
2023/12/03,4,2023,12,3,6,29744.53
2023/12/03,5,2023,12,3,6,35056.6
2023/12/03,6,2023,12,3,6,48726.6
2023/12/03,7,2023,12,3,6,58679.51
2023/12/03,8,2023,12,3,6,55499.85
2023/12/03,9,2023,12,3,6,38909.43
2023/12/03,10,2023,12,3,6,48146.18
2023/12/03,12,2023,12,3,6,10514.51
2023/12/03,14,2023,12,3,6,1451.39
2023/12/03,15,2023,12,3,6,4801.12
2023/12/03,16,2023,12,3,6,4050.29
2023/12/03,17,2023,12,3,6,27619.25
2023/12/03,18,2023,12,3,6,10210.04
2023/12/03,19,2023,12,3,6,12962.28
2023/12/03,20,2023,12,3,6,124.19
2023/12/03,21,2023,12,3,6,5495.75
2023/12/03,22,2023,12,3,6,20406.16
2023/12/03,23,2023,12,3,6,4873.7
2023/12/03,24,2023,12,3,6,7406.26
2023/12/03,25,2023,12,3,6,52996.91
2023/12/03,26,2023,12,3,6,5916.45
2023/12/03,27,2023,12,3,6,6030.91
2023/12/03,28,2023,12,3,6,1413.21
2023/12/03,29,2023,12,3,6,9415.93
2023/12/03,30,2023,12,3,6,5315.43
2023/12/03,31,2023,12,3,6,21040.92
2023/12/03,32,2023,12,3,6,3632.41
2023/12/03,34,2023,12,3,6,13987.0
2023/12/03,35,2023,12,3,6,35074.31
2023/12/03,36,2023,12,3,6,1053.05
2023/12/03,37,2023,12,3,6,1114.73
2023/12/03,38,2023,12,3,6,6128.38
2023/12/03,39,2023,12,3,6,3370.8
2023/12/03,40,2023,12,3,6,4451.41
2023/12/03,41,2023,12,3,6,2749.57
2023/12/03,43,2023,12,3,6,7417.79
2023/12/03,44,2023,12,3,6,23789.95
2023/12/03,46,2023,12,3,6,2278.01
2023/12/03,47,2023,12,3,6,50692.45
2023/12/03,48,2023,12,3,6,1072.13
2023/12/03,49,2023,12,3,6,9250.33
2023/12/03,51,2023,12,3,6,19702.16
2023/12/03,52,2023,12,3,6,7534.06
2023/12/03,53,2023,12,3,6,39542.65
2023/12/03,54,2023,12,3,6,18264.56
2023/12/03,55,2023,12,3,6,5027.85
2023/12/03,56,2023,12,3,6,2721.83
2023/12/03,57,2023,12,3,6,13858.82
2023/12/03,58,2023,12,3,6,832.78
2023/12/03,60,2023,12,3,6,81289.62
2023/12/03,61,2023,12,3,6,1601.69
2023/12/03,63,2023,12,3,6,5618.48
2023/12/03,66,2023,12,3,6,819.41
2023/12/03,68,2023,12,3,6,2130.23
2023/12/04,1,2023,12,4,0,64918.76
2023/12/04,2,2023,12,4,0,12864.08
2023/12/04,3,2023,12,4,0,14036.82
2023/12/04,4,2023,12,4,0,26522.31
2023/12/04,5,2023,12,4,0,28964.21
2023/12/04,6,2023,12,4,0,36400.63
2023/12/04,7,2023,12,4,0,51278.1
2023/12/04,8,2023,12,4,0,51749.94
2023/12/04,9,2023,12,4,0,36101.59
2023/12/04,10,2023,12,4,0,45614.11
2023/12/04,12,2023,12,4,0,7872.21
2023/12/04,14,2023,12,4,0,1344.32
2023/12/04,15,2023,12,4,0,3812.09
2023/12/04,16,2023,12,4,0,3263.33
2023/12/04,17,2023,12,4,0,23436.37
2023/12/04,18,2023,12,4,0,8632.04
2023/12/04,19,2023,12,4,0,11403.39
2023/12/04,20,2023,12,4,0,140.72
2023/12/04,21,2023,12,4,0,3857.73
2023/12/04,22,2023,12,4,0,16077.88
2023/12/04,23,2023,12,4,0,4258.58
2023/12/04,24,2023,12,4,0,6690.18
2023/12/04,25,2023,12,4,0,49065.52
2023/12/04,26,2023,12,4,0,5905.73
2023/12/04,27,2023,12,4,0,5745.3
2023/12/04,28,2023,12,4,0,1548.84
2023/12/04,29,2023,12,4,0,8944.9
2023/12/04,30,2023,12,4,0,3868.0
2023/12/04,31,2023,12,4,0,18942.14
2023/12/04,32,2023,12,4,0,2725.71
2023/12/04,34,2023,12,4,0,11701.95
2023/12/04,35,2023,12,4,0,30874.67
2023/12/04,36,2023,12,4,0,939.08
2023/12/04,37,2023,12,4,0,827.91
2023/12/04,38,2023,12,4,0,5407.86
2023/12/04,39,2023,12,4,0,3157.55
2023/12/04,40,2023,12,4,0,3999.99
2023/12/04,41,2023,12,4,0,2338.0
2023/12/04,43,2023,12,4,0,5999.46
2023/12/04,44,2023,12,4,0,21250.41
2023/12/04,46,2023,12,4,0,2027.36
2023/12/04,47,2023,12,4,0,48860.51
2023/12/04,48,2023,12,4,0,931.97
2023/12/04,49,2023,12,4,0,8094.0
2023/12/04,51,2023,12,4,0,15627.88
2023/12/04,52,2023,12,4,0,4857.59
2023/12/04,53,2023,12,4,0,36738.22
2023/12/04,54,2023,12,4,0,13006.22
2023/12/04,55,2023,12,4,0,4740.62
2023/12/04,56,2023,12,4,0,2522.53
2023/12/04,57,2023,12,4,0,11185.64
2023/12/04,58,2023,12,4,0,820.2
2023/12/04,60,2023,12,4,0,72553.29
2023/12/04,61,2023,12,4,0,1349.18
2023/12/04,63,2023,12,4,0,4082.93
2023/12/04,66,2023,12,4,0,753.59
2023/12/04,68,2023,12,4,0,1807.29
2023/12/05,1,2023,12,5,1,60302.39
2023/12/05,2,2023,12,5,1,12273.46
2023/12/05,3,2023,12,5,1,13520.51
2023/12/05,4,2023,12,5,1,25795.2
2023/12/05,5,2023,12,5,1,27577.55
2023/12/05,6,2023,12,5,1,34576.76
2023/12/05,7,2023,12,5,1,47643.22
2023/12/05,8,2023,12,5,1,47747.98
2023/12/05,9,2023,12,5,1,34755.72
2023/12/05,10,2023,12,5,1,42014.34
2023/12/05,12,2023,12,5,1,7423.68
2023/12/05,14,2023,12,5,1,1254.08
2023/12/05,15,2023,12,5,1,4390.82
2023/12/05,16,2023,12,5,1,3365.4
2023/12/05,17,2023,12,5,1,21981.22
2023/12/05,18,2023,12,5,1,8359.06
2023/12/05,19,2023,12,5,1,11177.8
2023/12/05,20,2023,12,5,1,160.55
2023/12/05,21,2023,12,5,1,3283.43
2023/12/05,22,2023,12,5,1,11539.16
2023/12/05,23,2023,12,5,1,3964.02
2023/12/05,24,2023,12,5,1,6726.51
2023/12/05,25,2023,12,5,1,49155.94
2023/12/05,26,2023,12,5,1,5664.52
2023/12/05,27,2023,12,5,1,5373.51
2023/12/05,28,2023,12,5,1,1393.14
2023/12/05,29,2023,12,5,1,9100.9
2023/12/05,30,2023,12,5,1,4569.84
2023/12/05,31,2023,12,5,1,18068.45
2023/12/05,32,2023,12,5,1,2564.06
2023/12/05,34,2023,12,5,1,11176.45
2023/12/05,35,2023,12,5,1,31117.49
2023/12/05,36,2023,12,5,1,943.07
2023/12/05,37,2023,12,5,1,1181.07
2023/12/05,38,2023,12,5,1,5427.63
2023/12/05,39,2023,12,5,1,3162.1
2023/12/05,40,2023,12,5,1,4005.73
2023/12/05,41,2023,12,5,1,2198.02
2023/12/05,43,2023,12,5,1,5269.78
2023/12/05,44,2023,12,5,1,21155.96
2023/12/05,46,2023,12,5,1,2053.48
2023/12/05,47,2023,12,5,1,45312.0
2023/12/05,48,2023,12,5,1,903.24
2023/12/05,49,2023,12,5,1,7788.9
2023/12/05,51,2023,12,5,1,14096.85
2023/12/05,52,2023,12,5,1,4543.85
2023/12/05,53,2023,12,5,1,34979.43
2023/12/05,54,2023,12,5,1,12950.75
2023/12/05,55,2023,12,5,1,4664.26
2023/12/05,56,2023,12,5,1,2249.36
2023/12/05,57,2023,12,5,1,10780.44
2023/12/05,58,2023,12,5,1,786.98
2023/12/05,60,2023,12,5,1,68014.63
2023/12/05,61,2023,12,5,1,1282.75
2023/12/05,63,2023,12,5,1,4035.19
2023/12/05,66,2023,12,5,1,748.9
2023/12/05,68,2023,12,5,1,1640.12
2023/12/06,1,2023,12,6,2,60540.41
2023/12/06,2,2023,12,6,2,12349.93
2023/12/06,3,2023,12,6,2,13859.99
2023/12/06,4,2023,12,6,2,26057.77
2023/12/06,5,2023,12,6,2,27645.99
2023/12/06,6,2023,12,6,2,35992.7
2023/12/06,7,2023,12,6,2,47410.16
2023/12/06,8,2023,12,6,2,47611.99
2023/12/06,9,2023,12,6,2,34035.13
2023/12/06,10,2023,12,6,2,39725.16
2023/12/06,12,2023,12,6,2,6953.72
2023/12/06,14,2023,12,6,2,1293.15
2023/12/06,15,2023,12,6,2,4389.18
2023/12/06,16,2023,12,6,2,3311.83
2023/12/06,17,2023,12,6,2,22928.77
2023/12/06,18,2023,12,6,2,8530.76
2023/12/06,19,2023,12,6,2,11269.32
2023/12/06,20,2023,12,6,2,185.21
2023/12/06,21,2023,12,6,2,3177.88
2023/12/06,22,2023,12,6,2,12312.27
2023/12/06,23,2023,12,6,2,3900.8
2023/12/06,24,2023,12,6,2,6726.85
2023/12/06,25,2023,12,6,2,49546.58
2023/12/06,26,2023,12,6,2,5738.92
2023/12/06,27,2023,12,6,2,5576.27
2023/12/06,28,2023,12,6,2,1433.43
2023/12/06,29,2023,12,6,2,9277.61
2023/12/06,30,2023,12,6,2,4724.97
2023/12/06,31,2023,12,6,2,14054.47
2023/12/06,32,2023,12,6,2,2650.81
2023/12/06,34,2023,12,6,2,11500.18
2023/12/06,35,2023,12,6,2,31426.19
2023/12/06,36,2023,12,6,2,909.95
2023/12/06,37,2023,12,6,2,1089.25
2023/12/06,38,2023,12,6,2,5342.93
2023/12/06,39,2023,12,6,2,3230.93
2023/12/06,40,2023,12,6,2,4051.48
2023/12/06,41,2023,12,6,2,2203.4
2023/12/06,43,2023,12,6,2,5272.19
2023/12/06,44,2023,12,6,2,20982.41
2023/12/06,46,2023,12,6,2,2227.66
2023/12/06,47,2023,12,6,2,46557.77
2023/12/06,48,2023,12,6,2,880.48
2023/12/06,49,2023,12,6,2,7696.91
2023/12/06,51,2023,12,6,2,13876.88
2023/12/06,52,2023,12,6,2,4616.46
2023/12/06,53,2023,12,6,2,35355.7
2023/12/06,54,2023,12,6,2,13138.68
2023/12/06,55,2023,12,6,2,4521.19
2023/12/06,56,2023,12,6,2,2210.18
2023/12/06,57,2023,12,6,2,10996.2
2023/12/06,58,2023,12,6,2,841.24
2023/12/06,60,2023,12,6,2,67728.38
2023/12/06,61,2023,12,6,2,1272.3
2023/12/06,63,2023,12,6,2,4203.48
2023/12/06,66,2023,12,6,2,757.62
2023/12/06,68,2023,12,6,2,1579.93
2023/12/07,1,2023,12,7,3,60560.07
2023/12/07,2,2023,12,7,3,11918.89
2023/12/07,3,2023,12,7,3,14003.07
2023/12/07,4,2023,12,7,3,26032.91
2023/12/07,5,2023,12,7,3,28252.99
2023/12/07,6,2023,12,7,3,36843.94
2023/12/07,7,2023,12,7,3,47263.19
2023/12/07,8,2023,12,7,3,47662.33
2023/12/07,9,2023,12,7,3,33788.87
2023/12/07,10,2023,12,7,3,39624.15
2023/12/07,12,2023,12,7,3,6846.54
2023/12/07,14,2023,12,7,3,1257.1
2023/12/07,15,2023,12,7,3,4546.55
2023/12/07,16,2023,12,7,3,3222.52
2023/12/07,17,2023,12,7,3,22405.61
2023/12/07,18,2023,12,7,3,9592.75
2023/12/07,19,2023,12,7,3,11502.58
2023/12/07,20,2023,12,7,3,306.32
2023/12/07,21,2023,12,7,3,3037.71
2023/12/07,22,2023,12,7,3,12356.34
2023/12/07,23,2023,12,7,3,3993.55
2023/12/07,24,2023,12,7,3,6672.97
2023/12/07,25,2023,12,7,3,50012.0
2023/12/07,26,2023,12,7,3,5709.22
2023/12/07,27,2023,12,7,3,5645.33
2023/12/07,28,2023,12,7,3,1570.44
2023/12/07,29,2023,12,7,3,9095.55
2023/12/07,30,2023,12,7,3,5507.98
2023/12/07,31,2023,12,7,3,13928.32
2023/12/07,32,2023,12,7,3,2972.75
2023/12/07,34,2023,12,7,3,11679.93
2023/12/07,35,2023,12,7,3,31316.14
2023/12/07,36,2023,12,7,3,915.08
2023/12/07,37,2023,12,7,3,968.01
2023/12/07,38,2023,12,7,3,5319.92
2023/12/07,39,2023,12,7,3,3334.3
2023/12/07,40,2023,12,7,3,4022.7
2023/12/07,41,2023,12,7,3,2226.18
2023/12/07,43,2023,12,7,3,5127.78
2023/12/07,44,2023,12,7,3,20772.66
2023/12/07,46,2023,12,7,3,2390.39
2023/12/07,47,2023,12,7,3,45797.51
2023/12/07,48,2023,12,7,3,880.24
2023/12/07,49,2023,12,7,3,7929.91
2023/12/07,51,2023,12,7,3,14432.97
2023/12/07,52,2023,12,7,3,5072.08
2023/12/07,53,2023,12,7,3,35876.97
2023/12/07,54,2023,12,7,3,13180.24
2023/12/07,55,2023,12,7,3,4504.96
2023/12/07,56,2023,12,7,3,2323.41
2023/12/07,57,2023,12,7,3,11237.69
2023/12/07,58,2023,12,7,3,925.85
2023/12/07,60,2023,12,7,3,67146.78
2023/12/07,61,2023,12,7,3,1334.03
2023/12/07,63,2023,12,7,3,4187.15
2023/12/07,66,2023,12,7,3,768.19
2023/12/07,68,2023,12,7,3,1600.45
2023/12/08,1,2023,12,8,4,60963.71
2023/12/08,2,2023,12,8,4,12569.71
2023/12/08,3,2023,12,8,4,14157.82
2023/12/08,4,2023,12,8,4,25090.95
2023/12/08,5,2023,12,8,4,29540.52
2023/12/08,6,2023,12,8,4,37515.91
2023/12/08,7,2023,12,8,4,47920.92
2023/12/08,8,2023,12,8,4,48784.51
2023/12/08,9,2023,12,8,4,34542.77
2023/12/08,10,2023,12,8,4,40356.34
2023/12/08,12,2023,12,8,4,7133.23
2023/12/08,14,2023,12,8,4,1265.03
2023/12/08,15,2023,12,8,4,4831.15
2023/12/08,16,2023,12,8,4,3288.39
2023/12/08,17,2023,12,8,4,22543.17
2023/12/08,18,2023,12,8,4,9677.37
2023/12/08,19,2023,12,8,4,12299.09
2023/12/08,20,2023,12,8,4,286.65
2023/12/08,21,2023,12,8,4,3388.62
2023/12/08,22,2023,12,8,4,12924.74
2023/12/08,23,2023,12,8,4,4668.78
2023/12/08,24,2023,12,8,4,6517.76
2023/12/08,25,2023,12,8,4,48051.18
2023/12/08,26,2023,12,8,4,5708.79
2023/12/08,27,2023,12,8,4,6010.8
2023/12/08,28,2023,12,8,4,1691.07
2023/12/08,29,2023,12,8,4,9125.72
2023/12/08,30,2023,12,8,4,7217.16
2023/12/08,31,2023,12,8,4,13687.27
2023/12/08,32,2023,12,8,4,3477.86
2023/12/08,34,2023,12,8,4,12616.86
2023/12/08,35,2023,12,8,4,32221.94
2023/12/08,36,2023,12,8,4,943.85
2023/12/08,37,2023,12,8,4,788.34
2023/12/08,38,2023,12,8,4,5484.93
2023/12/08,39,2023,12,8,4,3458.71
2023/12/08,40,2023,12,8,4,4131.73
2023/12/08,41,2023,12,8,4,2352.34
2023/12/08,43,2023,12,8,4,4944.04
2023/12/08,44,2023,12,8,4,20144.6
2023/12/08,46,2023,12,8,4,2437.47
2023/12/08,47,2023,12,8,4,47288.31
2023/12/08,48,2023,12,8,4,824.82
2023/12/08,49,2023,12,8,4,8222.51
2023/12/08,51,2023,12,8,4,14571.29
2023/12/08,52,2023,12,8,4,5444.07
2023/12/08,53,2023,12,8,4,36842.86
2023/12/08,54,2023,12,8,4,13652.02
2023/12/08,55,2023,12,8,4,4335.36
2023/12/08,56,2023,12,8,4,2532.66
2023/12/08,57,2023,12,8,4,11640.98
2023/12/08,58,2023,12,8,4,988.05
2023/12/08,60,2023,12,8,4,67966.21
2023/12/08,61,2023,12,8,4,1405.34
2023/12/08,63,2023,12,8,4,4610.31
2023/12/08,66,2023,12,8,4,771.35
2023/12/08,68,2023,12,8,4,1780.75
2023/12/09,1,2023,12,9,5,72047.11
2023/12/09,2,2023,12,9,5,12171.4
2023/12/09,3,2023,12,9,5,14423.42
2023/12/09,4,2023,12,9,5,28399.4
2023/12/09,5,2023,12,9,5,35546.31
2023/12/09,6,2023,12,9,5,44458.86
2023/12/09,7,2023,12,9,5,53961.72
2023/12/09,8,2023,12,9,5,53765.11
2023/12/09,9,2023,12,9,5,38900.41
2023/12/09,10,2023,12,9,5,44152.62
2023/12/09,12,2023,12,9,5,8371.19
2023/12/09,14,2023,12,9,5,1271.81
2023/12/09,15,2023,12,9,5,4675.98
2023/12/09,16,2023,12,9,5,3120.94
2023/12/09,17,2023,12,9,5,28876.61
2023/12/09,18,2023,12,9,5,10590.72
2023/12/09,19,2023,12,9,5,13437.79
2023/12/09,20,2023,12,9,5,474.21
2023/12/09,21,2023,12,9,5,4860.75
2023/12/09,22,2023,12,9,5,18746.85
2023/12/09,23,2023,12,9,5,4642.68
2023/12/09,24,2023,12,9,5,7667.27
2023/12/09,25,2023,12,9,5,52116.8
2023/12/09,26,2023,12,9,5,6331.63
2023/12/09,27,2023,12,9,5,6729.25
2023/12/09,28,2023,12,9,5,2051.18
2023/12/09,29,2023,12,9,5,8754.24
2023/12/09,30,2023,12,9,5,8158.12
2023/12/09,31,2023,12,9,5,19604.42
2023/12/09,32,2023,12,9,5,4536.64
2023/12/09,34,2023,12,9,5,13253.44
2023/12/09,35,2023,12,9,5,41523.83
2023/12/09,36,2023,12,9,5,1212.16
2023/12/09,37,2023,12,9,5,851.24
2023/12/09,38,2023,12,9,5,6300.55
2023/12/09,39,2023,12,9,5,3872.15
2023/12/09,40,2023,12,9,5,5116.66
2023/12/09,41,2023,12,9,5,3110.62
2023/12/09,43,2023,12,9,5,7547.38
2023/12/09,44,2023,12,9,5,22145.03
2023/12/09,46,2023,12,9,5,2542.6
2023/12/09,47,2023,12,9,5,46392.1
2023/12/09,48,2023,12,9,5,1222.41
2023/12/09,49,2023,12,9,5,8924.58
2023/12/09,51,2023,12,9,5,17252.38
2023/12/09,52,2023,12,9,5,7191.42
2023/12/09,53,2023,12,9,5,37459.72
2023/12/09,54,2023,12,9,5,17606.59
2023/12/09,55,2023,12,9,5,5040.16
2023/12/09,56,2023,12,9,5,2441.19
2023/12/09,57,2023,12,9,5,12243.05
2023/12/09,58,2023,12,9,5,985.67
2023/12/09,60,2023,12,9,5,73786.9
2023/12/09,61,2023,12,9,5,1593.5
2023/12/09,63,2023,12,9,5,5770.0
2023/12/09,66,2023,12,9,5,784.02
2023/12/09,68,2023,12,9,5,2237.5
2023/12/10,1,2023,12,10,6,81758.88
2023/12/10,2,2023,12,10,6,13120.87
2023/12/10,3,2023,12,10,6,15387.23
2023/12/10,4,2023,12,10,6,29152.58
2023/12/10,5,2023,12,10,6,36431.08
2023/12/10,6,2023,12,10,6,47620.98
2023/12/10,7,2023,12,10,6,57000.75
2023/12/10,8,2023,12,10,6,55087.23
2023/12/10,9,2023,12,10,6,40041.64
2023/12/10,10,2023,12,10,6,46499.5
2023/12/10,12,2023,12,10,6,10001.2
2023/12/10,14,2023,12,10,6,1354.78
2023/12/10,15,2023,12,10,6,4972.57
2023/12/10,16,2023,12,10,6,3512.1
2023/12/10,17,2023,12,10,6,31137.77
2023/12/10,18,2023,12,10,6,10922.62
2023/12/10,19,2023,12,10,6,12988.55
2023/12/10,20,2023,12,10,6,469.73
2023/12/10,21,2023,12,10,6,5105.46
2023/12/10,22,2023,12,10,6,23152.4
2023/12/10,23,2023,12,10,6,5183.76
2023/12/10,24,2023,12,10,6,7864.12
2023/12/10,25,2023,12,10,6,54780.98
2023/12/10,26,2023,12,10,6,6501.45
2023/12/10,27,2023,12,10,6,6759.04
2023/12/10,28,2023,12,10,6,2825.86
2023/12/10,29,2023,12,10,6,9332.18
2023/12/10,30,2023,12,10,6,6150.29
2023/12/10,31,2023,12,10,6,20271.2
2023/12/10,32,2023,12,10,6,4699.61
2023/12/10,34,2023,12,10,6,16169.79
2023/12/10,35,2023,12,10,6,43933.35
2023/12/10,36,2023,12,10,6,1397.46
2023/12/10,37,2023,12,10,6,1276.81
2023/12/10,38,2023,12,10,6,7058.93
2023/12/10,39,2023,12,10,6,4360.57
2023/12/10,40,2023,12,10,6,6021.17
2023/12/10,41,2023,12,10,6,3574.13
2023/12/10,43,2023,12,10,6,7579.28
2023/12/10,44,2023,12,10,6,25410.89
2023/12/10,46,2023,12,10,6,2624.56
2023/12/10,47,2023,12,10,6,46514.04
2023/12/10,48,2023,12,10,6,1416.53
2023/12/10,49,2023,12,10,6,9268.03
2023/12/10,51,2023,12,10,6,18905.4
2023/12/10,52,2023,12,10,6,8371.62
2023/12/10,53,2023,12,10,6,40233.1
2023/12/10,54,2023,12,10,6,19548.96
2023/12/10,55,2023,12,10,6,6467.32
2023/12/10,56,2023,12,10,6,3172.99
2023/12/10,57,2023,12,10,6,12458.24
2023/12/10,58,2023,12,10,6,977.77
2023/12/10,60,2023,12,10,6,83495.66
2023/12/10,61,2023,12,10,6,1921.61
2023/12/10,63,2023,12,10,6,6636.37
2023/12/10,66,2023,12,10,6,811.9
2023/12/10,68,2023,12,10,6,2529.88
2023/12/11,1,2023,12,11,0,76704.58
2023/12/11,2,2023,12,11,0,15453.55
2023/12/11,3,2023,12,11,0,16846.37
2023/12/11,4,2023,12,11,0,36275.49
2023/12/11,5,2023,12,11,0,39495.03
2023/12/11,6,2023,12,11,0,53174.97
2023/12/11,7,2023,12,11,0,66318.22
2023/12/11,8,2023,12,11,0,64970.79
2023/12/11,9,2023,12,11,0,52648.31
2023/12/11,10,2023,12,11,0,54801.96
2023/12/11,12,2023,12,11,0,15497.98
2023/12/11,14,2023,12,11,0,1387.47
2023/12/11,15,2023,12,11,0,3882.6
2023/12/11,16,2023,12,11,0,5441.96
2023/12/11,17,2023,12,11,0,32354.57
2023/12/11,18,2023,12,11,0,17148.66
2023/12/11,19,2023,12,11,0,20401.28
2023/12/11,20,2023,12,11,0,729.68
2023/12/11,21,2023,12,11,0,3595.02
2023/12/11,22,2023,12,11,0,23351.64
2023/12/11,23,2023,12,11,0,4377.96
2023/12/11,24,2023,12,11,0,11036.82
2023/12/11,25,2023,12,11,0,55113.35
2023/12/11,26,2023,12,11,0,11414.79
2023/12/11,27,2023,12,11,0,12328.5
2023/12/11,28,2023,12,11,0,3386.25
2023/12/11,29,2023,12,11,0,9178.57
2023/12/11,30,2023,12,11,0,5406.54
2023/12/11,31,2023,12,11,0,16422.8
2023/12/11,32,2023,12,11,0,5168.82
2023/12/11,34,2023,12,11,0,25266.29
2023/12/11,35,2023,12,11,0,32760.88
2023/12/11,36,2023,12,11,0,1062.91
2023/12/11,37,2023,12,11,0,873.26
2023/12/11,38,2023,12,11,0,9644.04
2023/12/11,39,2023,12,11,0,6515.18
2023/12/11,40,2023,12,11,0,7679.89
2023/12/11,41,2023,12,11,0,5432.06
2023/12/11,43,2023,12,11,0,12710.8
2023/12/11,44,2023,12,11,0,29202.88
2023/12/11,46,2023,12,11,0,2038.29
2023/12/11,47,2023,12,11,0,50718.43
2023/12/11,48,2023,12,11,0,2148.81
2023/12/11,49,2023,12,11,0,10283.97
2023/12/11,51,2023,12,11,0,17624.9
2023/12/11,52,2023,12,11,0,11003.88
2023/12/11,53,2023,12,11,0,39676.43
2023/12/11,54,2023,12,11,0,23046.86
2023/12/11,55,2023,12,11,0,8597.42
2023/12/11,56,2023,12,11,0,2575.88
2023/12/11,57,2023,12,11,0,14427.66
2023/12/11,58,2023,12,11,0,921.16
2023/12/11,60,2023,12,11,0,87242.85
2023/12/11,61,2023,12,11,0,2383.31
2023/12/11,63,2023,12,11,0,9768.11
2023/12/11,66,2023,12,11,0,886.79
2023/12/11,68,2023,12,11,0,2532.07
2023/12/12,1,2023,12,12,1,77296.53
2023/12/12,2,2023,12,12,1,17089.19
2023/12/12,3,2023,12,12,1,18256.88
2023/12/12,4,2023,12,12,1,37139.93
2023/12/12,5,2023,12,12,1,39900.53
2023/12/12,6,2023,12,12,1,50642.3
2023/12/12,7,2023,12,12,1,64289.95
2023/12/12,8,2023,12,12,1,63226.35
2023/12/12,9,2023,12,12,1,51100.01
2023/12/12,10,2023,12,12,1,56257.94
2023/12/12,12,2023,12,12,1,14309.8
2023/12/12,14,2023,12,12,1,1406.38
2023/12/12,15,2023,12,12,1,4608.57
2023/12/12,16,2023,12,12,1,6164.96
2023/12/12,17,2023,12,12,1,31808.77
2023/12/12,18,2023,12,12,1,16043.34
2023/12/12,19,2023,12,12,1,18770.76
2023/12/12,20,2023,12,12,1,733.92
2023/12/12,21,2023,12,12,1,4477.67
2023/12/12,22,2023,12,12,1,19977.73
2023/12/12,23,2023,12,12,1,4353.12
2023/12/12,24,2023,12,12,1,10305.0
2023/12/12,25,2023,12,12,1,55627.61
2023/12/12,26,2023,12,12,1,9038.38
2023/12/12,27,2023,12,12,1,9908.21
2023/12/12,28,2023,12,12,1,3173.06
2023/12/12,29,2023,12,12,1,8738.37
2023/12/12,30,2023,12,12,1,5244.69
2023/12/12,31,2023,12,12,1,16289.43
2023/12/12,32,2023,12,12,1,4468.74
2023/12/12,34,2023,12,12,1,19546.23
2023/12/12,35,2023,12,12,1,33190.17
2023/12/12,36,2023,12,12,1,1030.38
2023/12/12,37,2023,12,12,1,943.01
2023/12/12,38,2023,12,12,1,8181.04
2023/12/12,39,2023,12,12,1,4938.72
2023/12/12,40,2023,12,12,1,6256.25
2023/12/12,41,2023,12,12,1,4415.99
2023/12/12,43,2023,12,12,1,11990.69
2023/12/12,44,2023,12,12,1,29113.51
2023/12/12,46,2023,12,12,1,2069.17
2023/12/12,47,2023,12,12,1,52180.47
2023/12/12,48,2023,12,12,1,1522.32
2023/12/12,49,2023,12,12,1,10246.27
2023/12/12,51,2023,12,12,1,18395.87
2023/12/12,52,2023,12,12,1,10796.18
2023/12/12,53,2023,12,12,1,42123.85
2023/12/12,54,2023,12,12,1,18962.04
2023/12/12,55,2023,12,12,1,7739.89
2023/12/12,56,2023,12,12,1,2761.74
2023/12/12,57,2023,12,12,1,14390.59
2023/12/12,58,2023,12,12,1,890.22
2023/12/12,60,2023,12,12,1,89076.07
2023/12/12,61,2023,12,12,1,1496.45
2023/12/12,63,2023,12,12,1,8992.32
2023/12/12,66,2023,12,12,1,981.62
2023/12/12,68,2023,12,12,1,2238.05
2023/12/13,1,2023,12,13,2,74254.82
2023/12/13,2,2023,12,13,2,16115.74
2023/12/13,3,2023,12,13,2,18222.9
2023/12/13,4,2023,12,13,2,32760.96
2023/12/13,5,2023,12,13,2,33844.81
2023/12/13,6,2023,12,13,2,41839.7
2023/12/13,7,2023,12,13,2,52064.04
2023/12/13,8,2023,12,13,2,52450.81
2023/12/13,9,2023,12,13,2,43102.93
2023/12/13,10,2023,12,13,2,50942.97
2023/12/13,12,2023,12,13,2,11366.5
2023/12/13,14,2023,12,13,2,1441.13
2023/12/13,15,2023,12,13,2,4542.82
2023/12/13,16,2023,12,13,2,6285.86
2023/12/13,17,2023,12,13,2,29340.67
2023/12/13,18,2023,12,13,2,10096.78
2023/12/13,19,2023,12,13,2,11559.14
2023/12/13,20,2023,12,13,2,313.65
2023/12/13,21,2023,12,13,2,4192.83
2023/12/13,22,2023,12,13,2,18281.06
2023/12/13,23,2023,12,13,2,3953.99
2023/12/13,24,2023,12,13,2,9651.0
2023/12/13,25,2023,12,13,2,53977.5
2023/12/13,26,2023,12,13,2,5810.84
2023/12/13,27,2023,12,13,2,6200.61
2023/12/13,28,2023,12,13,2,2978.9
2023/12/13,29,2023,12,13,2,7496.42
2023/12/13,30,2023,12,13,2,4796.02
2023/12/13,31,2023,12,13,2,15206.1
2023/12/13,32,2023,12,13,2,3068.69
2023/12/13,34,2023,12,13,2,11739.52
2023/12/13,35,2023,12,13,2,33124.3
2023/12/13,36,2023,12,13,2,875.52
2023/12/13,37,2023,12,13,2,927.0
2023/12/13,38,2023,12,13,2,5969.22
2023/12/13,39,2023,12,13,2,2559.36
2023/12/13,40,2023,12,13,2,3395.16
2023/12/13,41,2023,12,13,2,2291.59
2023/12/13,43,2023,12,13,2,5535.74
2023/12/13,44,2023,12,13,2,26865.37
2023/12/13,46,2023,12,13,2,2475.27
2023/12/13,47,2023,12,13,2,51002.24
2023/12/13,48,2023,12,13,2,833.9
2023/12/13,49,2023,12,13,2,9288.05
2023/12/13,51,2023,12,13,2,17706.0
2023/12/13,52,2023,12,13,2,9387.45
2023/12/13,53,2023,12,13,2,42606.87
2023/12/13,54,2023,12,13,2,13544.64
2023/12/13,55,2023,12,13,2,5887.48
2023/12/13,56,2023,12,13,2,2219.87
2023/12/13,57,2023,12,13,2,13961.27
2023/12/13,58,2023,12,13,2,803.57
2023/12/13,60,2023,12,13,2,87551.41
2023/12/13,61,2023,12,13,2,1106.39
2023/12/13,63,2023,12,13,2,5077.06
2023/12/13,66,2023,12,13,2,841.79
2023/12/13,68,2023,12,13,2,1651.01
2023/12/14,1,2023,12,14,3,62246.4
2023/12/14,2,2023,12,14,3,13535.4
2023/12/14,3,2023,12,14,3,16510.29
2023/12/14,4,2023,12,14,3,29620.63
2023/12/14,5,2023,12,14,3,30785.5
2023/12/14,6,2023,12,14,3,36882.44
2023/12/14,7,2023,12,14,3,45039.11
2023/12/14,8,2023,12,14,3,47593.3
2023/12/14,9,2023,12,14,3,37518.03
2023/12/14,10,2023,12,14,3,49626.3
2023/12/14,12,2023,12,14,3,4861.57
2023/12/14,14,2023,12,14,3,1472.67
2023/12/14,15,2023,12,14,3,4261.87
2023/12/14,16,2023,12,14,3,4914.07
2023/12/14,17,2023,12,14,3,25424.76
2023/12/14,18,2023,12,14,3,9006.14
2023/12/14,19,2023,12,14,3,10116.58
2023/12/14,20,2023,12,14,3,457.43
2023/12/14,21,2023,12,14,3,4068.42
2023/12/14,22,2023,12,14,3,14730.79
2023/12/14,23,2023,12,14,3,3967.11
2023/12/14,24,2023,12,14,3,9219.04
2023/12/14,25,2023,12,14,3,51820.86
2023/12/14,26,2023,12,14,3,4930.59
2023/12/14,27,2023,12,14,3,4646.4
2023/12/14,28,2023,12,14,3,2214.61
2023/12/14,29,2023,12,14,3,6941.95
2023/12/14,30,2023,12,14,3,5023.81
2023/12/14,31,2023,12,14,3,14151.28
2023/12/14,32,2023,12,14,3,2299.88
2023/12/14,34,2023,12,14,3,8559.25
2023/12/14,35,2023,12,14,3,32800.27
2023/12/14,36,2023,12,14,3,843.85
2023/12/14,37,2023,12,14,3,853.12
2023/12/14,38,2023,12,14,3,4078.81
2023/12/14,39,2023,12,14,3,2386.79
2023/12/14,40,2023,12,14,3,2933.78
2023/12/14,41,2023,12,14,3,2021.15
2023/12/14,43,2023,12,14,3,5407.28
2023/12/14,44,2023,12,14,3,20543.02
2023/12/14,46,2023,12,14,3,2579.74
2023/12/14,47,2023,12,14,3,49551.16
2023/12/14,48,2023,12,14,3,737.29
2023/12/14,49,2023,12,14,3,8993.45
2023/12/14,51,2023,12,14,3,16739.59
2023/12/14,52,2023,12,14,3,5421.42
2023/12/14,53,2023,12,14,3,39886.54
2023/12/14,54,2023,12,14,3,9957.13
2023/12/14,55,2023,12,14,3,4002.89
2023/12/14,56,2023,12,14,3,1684.25
2023/12/14,57,2023,12,14,3,11680.69
2023/12/14,58,2023,12,14,3,815.14
2023/12/14,60,2023,12,14,3,80622.13
2023/12/14,61,2023,12,14,3,851.12
2023/12/14,63,2023,12,14,3,3914.05
2023/12/14,66,2023,12,14,3,728.51
2023/12/14,68,2023,12,14,3,1335.98
2023/12/15,1,2023,12,15,4,53911.72
2023/12/15,2,2023,12,15,4,11563.6
2023/12/15,3,2023,12,15,4,15737.59
2023/12/15,4,2023,12,15,4,28708.19
2023/12/15,5,2023,12,15,4,30188.54
2023/12/15,6,2023,12,15,4,36741.04
2023/12/15,7,2023,12,15,4,43844.85
2023/12/15,8,2023,12,15,4,47389.78
2023/12/15,9,2023,12,15,4,35718.79
2023/12/15,10,2023,12,15,4,47143.77
2023/12/15,12,2023,12,15,4,3963.61
2023/12/15,14,2023,12,15,4,1544.12
2023/12/15,15,2023,12,15,4,4530.74
2023/12/15,16,2023,12,15,4,3342.81
2023/12/15,17,2023,12,15,4,21599.81
2023/12/15,18,2023,12,15,4,6865.42
2023/12/15,19,2023,12,15,4,8804.36
2023/12/15,20,2023,12,15,4,390.68
2023/12/15,21,2023,12,15,4,3696.52
2023/12/15,22,2023,12,15,4,12363.02
2023/12/15,23,2023,12,15,4,4425.17
2023/12/15,24,2023,12,15,4,8446.88
2023/12/15,25,2023,12,15,4,48890.87
2023/12/15,26,2023,12,15,4,4240.94
2023/12/15,27,2023,12,15,4,3771.38
2023/12/15,28,2023,12,15,4,1813.73
2023/12/15,29,2023,12,15,4,6976.23
2023/12/15,30,2023,12,15,4,6081.18
2023/12/15,31,2023,12,15,4,12919.61
2023/12/15,32,2023,12,15,4,2195.3
2023/12/15,34,2023,12,15,4,8523.37
2023/12/15,35,2023,12,15,4,32803.8
2023/12/15,36,2023,12,15,4,865.35
2023/12/15,37,2023,12,15,4,1185.62
2023/12/15,38,2023,12,15,4,3966.11
2023/12/15,39,2023,12,15,4,2148.23
2023/12/15,40,2023,12,15,4,2756.78
2023/12/15,41,2023,12,15,4,1755.02
2023/12/15,43,2023,12,15,4,4606.64
2023/12/15,44,2023,12,15,4,19738.04
2023/12/15,46,2023,12,15,4,2596.48
2023/12/15,47,2023,12,15,4,48495.59
2023/12/15,48,2023,12,15,4,733.87
2023/12/15,49,2023,12,15,4,8069.74
2023/12/15,51,2023,12,15,4,15086.68
2023/12/15,52,2023,12,15,4,4824.09
2023/12/15,53,2023,12,15,4,38800.57
2023/12/15,54,2023,12,15,4,9422.98
2023/12/15,55,2023,12,15,4,3948.96
2023/12/15,56,2023,12,15,4,1649.29
2023/12/15,57,2023,12,15,4,10774.61
2023/12/15,58,2023,12,15,4,787.07
2023/12/15,60,2023,12,15,4,76910.61
2023/12/15,61,2023,12,15,4,780.17
2023/12/15,63,2023,12,15,4,2231.34
2023/12/15,66,2023,12,15,4,709.25
2023/12/15,68,2023,12,15,4,1305.06
2023/12/16,1,2023,12,16,5,52653.61
2023/12/16,2,2023,12,16,5,9914.89
2023/12/16,3,2023,12,16,5,14833.82
2023/12/16,4,2023,12,16,5,27737.44
2023/12/16,5,2023,12,16,5,29156.64
2023/12/16,6,2023,12,16,5,34341.23
2023/12/16,7,2023,12,16,5,38675.22
2023/12/16,8,2023,12,16,5,43193.66
2023/12/16,9,2023,12,16,5,32346.8
2023/12/16,10,2023,12,16,5,44548.71
2023/12/16,12,2023,12,16,5,4357.68
2023/12/16,14,2023,12,16,5,1465.23
2023/12/16,15,2023,12,16,5,4346.71
2023/12/16,16,2023,12,16,5,2779.76
2023/12/16,17,2023,12,16,5,21783.31
2023/12/16,18,2023,12,16,5,6636.48
2023/12/16,19,2023,12,16,5,9213.23
2023/12/16,20,2023,12,16,5,458.2
2023/12/16,21,2023,12,16,5,3621.83
2023/12/16,22,2023,12,16,5,12076.45
2023/12/16,23,2023,12,16,5,4231.82
2023/12/16,24,2023,12,16,5,6583.24
2023/12/16,25,2023,12,16,5,48279.1
2023/12/16,26,2023,12,16,5,4285.67
2023/12/16,27,2023,12,16,5,3868.46
2023/12/16,28,2023,12,16,5,1783.03
2023/12/16,29,2023,12,16,5,6752.97
2023/12/16,30,2023,12,16,5,6346.38
2023/12/16,31,2023,12,16,5,13107.34
2023/12/16,32,2023,12,16,5,2220.42
2023/12/16,34,2023,12,16,5,8649.11
2023/12/16,35,2023,12,16,5,41384.49
2023/12/16,36,2023,12,16,5,619.8
2023/12/16,37,2023,12,16,5,861.72
2023/12/16,38,2023,12,16,5,4050.18
2023/12/16,39,2023,12,16,5,2039.75
2023/12/16,40,2023,12,16,5,3837.94
2023/12/16,41,2023,12,16,5,1909.35
2023/12/16,43,2023,12,16,5,3305.67
2023/12/16,44,2023,12,16,5,18386.53
2023/12/16,46,2023,12,16,5,2672.92
2023/12/16,47,2023,12,16,5,46041.41
2023/12/16,48,2023,12,16,5,831.41
2023/12/16,49,2023,12,16,5,7664.17
2023/12/16,51,2023,12,16,5,13893.98
2023/12/16,52,2023,12,16,5,4942.13
2023/12/16,53,2023,12,16,5,38076.15
2023/12/16,54,2023,12,16,5,9334.76
2023/12/16,55,2023,12,16,5,3925.49
2023/12/16,56,2023,12,16,5,1454.37
2023/12/16,57,2023,12,16,5,9964.2
2023/12/16,58,2023,12,16,5,749.5
2023/12/16,60,2023,12,16,5,77566.84
2023/12/16,61,2023,12,16,5,687.69
2023/12/16,63,2023,12,16,5,2505.93
2023/12/16,66,2023,12,16,5,717.05
2023/12/16,68,2023,12,16,5,1565.0
2023/12/17,1,2023,12,17,6,50019.72
2023/12/17,2,2023,12,17,6,8933.01
2023/12/17,3,2023,12,17,6,14296.09
2023/12/17,4,2023,12,17,6,25654.91
2023/12/17,5,2023,12,17,6,26401.6
2023/12/17,6,2023,12,17,6,34751.51
2023/12/17,7,2023,12,17,6,38979.55
2023/12/17,8,2023,12,17,6,42860.5
2023/12/17,9,2023,12,17,6,31075.99
2023/12/17,10,2023,12,17,6,44325.94
2023/12/17,12,2023,12,17,6,4515.59
2023/12/17,14,2023,12,17,6,1391.85
2023/12/17,15,2023,12,17,6,4449.2
2023/12/17,16,2023,12,17,6,2549.22
2023/12/17,17,2023,12,17,6,19839.97
2023/12/17,18,2023,12,17,6,6707.58
2023/12/17,19,2023,12,17,6,6587.58
2023/12/17,20,2023,12,17,6,199.28
2023/12/17,21,2023,12,17,6,2925.11
2023/12/17,22,2023,12,17,6,12496.29
2023/12/17,23,2023,12,17,6,4734.37
2023/12/17,24,2023,12,17,6,6297.78
2023/12/17,25,2023,12,17,6,48087.13
2023/12/17,26,2023,12,17,6,4198.19
2023/12/17,27,2023,12,17,6,3697.0
2023/12/17,28,2023,12,17,6,1418.81
2023/12/17,29,2023,12,17,6,6369.99
2023/12/17,30,2023,12,17,6,3965.47
2023/12/17,31,2023,12,17,6,12259.54
2023/12/17,32,2023,12,17,6,2123.66
2023/12/17,34,2023,12,17,6,7958.52
2023/12/17,35,2023,12,17,6,43776.56
2023/12/17,36,2023,12,17,6,541.4
2023/12/17,37,2023,12,17,6,767.75
2023/12/17,38,2023,12,17,6,3899.81
2023/12/17,39,2023,12,17,6,1962.23
2023/12/17,40,2023,12,17,6,3840.53
2023/12/17,41,2023,12,17,6,1846.31
2023/12/17,43,2023,12,17,6,3343.83
2023/12/17,44,2023,12,17,6,18270.13
2023/12/17,46,2023,12,17,6,2609.7
2023/12/17,47,2023,12,17,6,44944.36
2023/12/17,48,2023,12,17,6,784.35
2023/12/17,49,2023,12,17,6,7042.62
2023/12/17,51,2023,12,17,6,12688.44
2023/12/17,52,2023,12,17,6,4749.87
2023/12/17,53,2023,12,17,6,39796.53
2023/12/17,54,2023,12,17,6,9545.07
2023/12/17,55,2023,12,17,6,3787.56
2023/12/17,56,2023,12,17,6,1541.5
2023/12/17,57,2023,12,17,6,9562.13
2023/12/17,58,2023,12,17,6,737.41
2023/12/17,60,2023,12,17,6,83802.11
2023/12/17,61,2023,12,17,6,669.97
2023/12/17,63,2023,12,17,6,2394.35
2023/12/17,66,2023,12,17,6,751.22
2023/12/17,68,2023,12,17,6,1415.01
2023/12/18,1,2023,12,18,0,45542.75
2023/12/18,2,2023,12,18,0,8564.88
2023/12/18,3,2023,12,18,0,13643.63
2023/12/18,4,2023,12,18,0,25002.88
2023/12/18,5,2023,12,18,0,24637.97
2023/12/18,6,2023,12,18,0,32714.04
2023/12/18,7,2023,12,18,0,37162.43
2023/12/18,8,2023,12,18,0,41231.33
2023/12/18,9,2023,12,18,0,28611.52
2023/12/18,10,2023,12,18,0,43798.56
2023/12/18,12,2023,12,18,0,4246.51
2023/12/18,14,2023,12,18,0,1454.29
2023/12/18,15,2023,12,18,0,3686.26
2023/12/18,16,2023,12,18,0,2188.51
2023/12/18,17,2023,12,18,0,18329.1
2023/12/18,18,2023,12,18,0,5560.91
2023/12/18,19,2023,12,18,0,8195.03
2023/12/18,20,2023,12,18,0,136.19
2023/12/18,21,2023,12,18,0,1798.32
2023/12/18,22,2023,12,18,0,13166.73
2023/12/18,23,2023,12,18,0,3764.65
2023/12/18,24,2023,12,18,0,5498.69
2023/12/18,25,2023,12,18,0,47108.93
2023/12/18,26,2023,12,18,0,3978.03
2023/12/18,27,2023,12,18,0,3579.27
2023/12/18,28,2023,12,18,0,1370.21
2023/12/18,29,2023,12,18,0,7044.67
2023/12/18,30,2023,12,18,0,4009.04
2023/12/18,31,2023,12,18,0,11200.28
2023/12/18,32,2023,12,18,0,2334.71
2023/12/18,34,2023,12,18,0,8337.97
2023/12/18,35,2023,12,18,0,32220.54
2023/12/18,36,2023,12,18,0,566.98
2023/12/18,37,2023,12,18,0,699.12
2023/12/18,38,2023,12,18,0,3703.76
2023/12/18,39,2023,12,18,0,2181.2
2023/12/18,40,2023,12,18,0,2883.89
2023/12/18,41,2023,12,18,0,1616.05
2023/12/18,43,2023,12,18,0,3211.76
2023/12/18,44,2023,12,18,0,18260.79
2023/12/18,46,2023,12,18,0,2204.02
2023/12/18,47,2023,12,18,0,46051.18
2023/12/18,48,2023,12,18,0,748.21
2023/12/18,49,2023,12,18,0,6881.13
2023/12/18,51,2023,12,18,0,12544.2
2023/12/18,52,2023,12,18,0,3586.62
2023/12/18,53,2023,12,18,0,38405.6
2023/12/18,54,2023,12,18,0,8870.04
2023/12/18,55,2023,12,18,0,3632.83
2023/12/18,56,2023,12,18,0,1472.46
2023/12/18,57,2023,12,18,0,9555.45
2023/12/18,58,2023,12,18,0,885.0
2023/12/18,60,2023,12,18,0,73634.44
2023/12/18,61,2023,12,18,0,736.69
2023/12/18,63,2023,12,18,0,2049.47
2023/12/18,66,2023,12,18,0,718.57
2023/12/18,68,2023,12,18,0,1483.36
2023/12/19,1,2023,12,19,1,43098.46
2023/12/19,2,2023,12,19,1,8217.02
2023/12/19,3,2023,12,19,1,13571.75
2023/12/19,4,2023,12,19,1,23313.55
2023/12/19,5,2023,12,19,1,22508.57
2023/12/19,6,2023,12,19,1,30673.33
2023/12/19,7,2023,12,19,1,34571.86
2023/12/19,8,2023,12,19,1,38639.34
2023/12/19,9,2023,12,19,1,27074.81
2023/12/19,10,2023,12,19,1,42103.41
2023/12/19,12,2023,12,19,1,4104.76
2023/12/19,14,2023,12,19,1,1405.17
2023/12/19,15,2023,12,19,1,4087.86
2023/12/19,16,2023,12,19,1,2034.67
2023/12/19,17,2023,12,19,1,18909.74
2023/12/19,18,2023,12,19,1,5639.32
2023/12/19,19,2023,12,19,1,7907.86
2023/12/19,20,2023,12,19,1,128.36
2023/12/19,21,2023,12,19,1,1708.57
2023/12/19,22,2023,12,19,1,9429.1
2023/12/19,23,2023,12,19,1,3697.38
2023/12/19,24,2023,12,19,1,5504.65
2023/12/19,25,2023,12,19,1,48029.03
2023/12/19,26,2023,12,19,1,4177.56
2023/12/19,27,2023,12,19,1,3528.86
2023/12/19,28,2023,12,19,1,1138.75
2023/12/19,29,2023,12,19,1,7094.17
2023/12/19,30,2023,12,19,1,4338.18
2023/12/19,31,2023,12,19,1,11204.56
2023/12/19,32,2023,12,19,1,2127.27
2023/12/19,34,2023,12,19,1,8250.52
2023/12/19,35,2023,12,19,1,32316.34
2023/12/19,36,2023,12,19,1,583.32
2023/12/19,37,2023,12,19,1,683.67
2023/12/19,38,2023,12,19,1,3672.36
2023/12/19,39,2023,12,19,1,2179.08
2023/12/19,40,2023,12,19,1,2853.21
2023/12/19,41,2023,12,19,1,1572.15
2023/12/19,43,2023,12,19,1,3088.23
2023/12/19,44,2023,12,19,1,17632.03
2023/12/19,46,2023,12,19,1,2227.11
2023/12/19,47,2023,12,19,1,46233.44
2023/12/19,48,2023,12,19,1,689.47
2023/12/19,49,2023,12,19,1,6561.13
2023/12/19,51,2023,12,19,1,11471.61
2023/12/19,52,2023,12,19,1,3013.69
2023/12/19,53,2023,12,19,1,34522.53
2023/12/19,54,2023,12,19,1,8513.51
2023/12/19,55,2023,12,19,1,3537.52
2023/12/19,56,2023,12,19,1,1434.35
2023/12/19,57,2023,12,19,1,8657.33
2023/12/19,58,2023,12,19,1,912.42
2023/12/19,60,2023,12,19,1,69141.49
2023/12/19,61,2023,12,19,1,715.85
2023/12/19,63,2023,12,19,1,1972.83
2023/12/19,66,2023,12,19,1,715.48
2023/12/19,68,2023,12,19,1,1451.48
2023/12/20,1,2023,12,20,2,45507.95
2023/12/20,2,2023,12,20,2,8246.51
2023/12/20,3,2023,12,20,2,13764.22
2023/12/20,4,2023,12,20,2,23481.61
2023/12/20,5,2023,12,20,2,22789.76
2023/12/20,6,2023,12,20,2,30577.17
2023/12/20,7,2023,12,20,2,34461.64
2023/12/20,8,2023,12,20,2,38462.5
2023/12/20,9,2023,12,20,2,26955.46
2023/12/20,10,2023,12,20,2,42440.43
2023/12/20,12,2023,12,20,2,4120.72
2023/12/20,14,2023,12,20,2,1434.01
2023/12/20,15,2023,12,20,2,4286.76
2023/12/20,16,2023,12,20,2,1951.65
2023/12/20,17,2023,12,20,2,19062.91
2023/12/20,18,2023,12,20,2,5703.68
2023/12/20,19,2023,12,20,2,7712.0
2023/12/20,20,2023,12,20,2,140.31
2023/12/20,21,2023,12,20,2,1717.93
2023/12/20,22,2023,12,20,2,8220.11
2023/12/20,23,2023,12,20,2,3639.61
2023/12/20,24,2023,12,20,2,5281.66
2023/12/20,25,2023,12,20,2,47477.54
2023/12/20,26,2023,12,20,2,4168.24
2023/12/20,27,2023,12,20,2,3473.01
2023/12/20,28,2023,12,20,2,1035.44
2023/12/20,29,2023,12,20,2,6893.1
2023/12/20,30,2023,12,20,2,3733.38
2023/12/20,31,2023,12,20,2,11263.53
2023/12/20,32,2023,12,20,2,2143.64
2023/12/20,34,2023,12,20,2,8294.66
2023/12/20,35,2023,12,20,2,32537.78
2023/12/20,36,2023,12,20,2,685.83
2023/12/20,37,2023,12,20,2,675.39
2023/12/20,38,2023,12,20,2,3580.74
2023/12/20,39,2023,12,20,2,2179.77
2023/12/20,40,2023,12,20,2,2824.17
2023/12/20,41,2023,12,20,2,1529.05
2023/12/20,43,2023,12,20,2,3086.91
2023/12/20,44,2023,12,20,2,17654.61
2023/12/20,46,2023,12,20,2,2521.34
2023/12/20,47,2023,12,20,2,44661.32
2023/12/20,48,2023,12,20,2,641.39
2023/12/20,49,2023,12,20,2,6650.95
2023/12/20,51,2023,12,20,2,11400.92
2023/12/20,52,2023,12,20,2,2975.71
2023/12/20,53,2023,12,20,2,34656.97
2023/12/20,54,2023,12,20,2,8552.07
2023/12/20,55,2023,12,20,2,3463.71
2023/12/20,56,2023,12,20,2,1457.34
2023/12/20,57,2023,12,20,2,8639.65
2023/12/20,58,2023,12,20,2,831.5
2023/12/20,60,2023,12,20,2,67791.13
2023/12/20,61,2023,12,20,2,708.93
2023/12/20,63,2023,12,20,2,2025.78
2023/12/20,66,2023,12,20,2,713.4
2023/12/20,68,2023,12,20,2,1408.53
2023/12/21,1,2023,12,21,3,45108.84
2023/12/21,2,2023,12,21,3,7974.63
2023/12/21,3,2023,12,21,3,13867.85
2023/12/21,4,2023,12,21,3,23624.21
2023/12/21,5,2023,12,21,3,22965.27
2023/12/21,6,2023,12,21,3,30541.62
2023/12/21,7,2023,12,21,3,34451.25
2023/12/21,8,2023,12,21,3,37845.72
2023/12/21,9,2023,12,21,3,27015.0
2023/12/21,10,2023,12,21,3,42124.59
2023/12/21,12,2023,12,21,3,4091.13
2023/12/21,14,2023,12,21,3,1405.96
2023/12/21,15,2023,12,21,3,4300.78
2023/12/21,16,2023,12,21,3,2013.05
2023/12/21,17,2023,12,21,3,19016.58
2023/12/21,18,2023,12,21,3,5816.38
2023/12/21,19,2023,12,21,3,7824.41
2023/12/21,20,2023,12,21,3,146.16
2023/12/21,21,2023,12,21,3,1775.01
2023/12/21,22,2023,12,21,3,8374.56
2023/12/21,23,2023,12,21,3,3768.75
2023/12/21,24,2023,12,21,3,5247.4
2023/12/21,25,2023,12,21,3,47928.62
2023/12/21,26,2023,12,21,3,4053.79
2023/12/21,27,2023,12,21,3,3379.55
2023/12/21,28,2023,12,21,3,945.62
2023/12/21,29,2023,12,21,3,6784.7
2023/12/21,30,2023,12,21,3,3750.08
2023/12/21,31,2023,12,21,3,11551.23
2023/12/21,32,2023,12,21,3,2087.59
2023/12/21,34,2023,12,21,3,8469.02
2023/12/21,35,2023,12,21,3,32236.98
2023/12/21,36,2023,12,21,3,656.53
2023/12/21,37,2023,12,21,3,746.13
2023/12/21,38,2023,12,21,3,3613.16
2023/12/21,39,2023,12,21,3,2176.97
2023/12/21,40,2023,12,21,3,2913.56
2023/12/21,41,2023,12,21,3,1556.02
2023/12/21,43,2023,12,21,3,3044.04
2023/12/21,44,2023,12,21,3,17347.14
2023/12/21,46,2023,12,21,3,2609.58
2023/12/21,47,2023,12,21,3,44628.94
2023/12/21,48,2023,12,21,3,635.58
2023/12/21,49,2023,12,21,3,6712.01
2023/12/21,51,2023,12,21,3,11419.79
2023/12/21,52,2023,12,21,3,3014.65
2023/12/21,53,2023,12,21,3,34735.35
2023/12/21,54,2023,12,21,3,8746.53
2023/12/21,55,2023,12,21,3,3155.72
2023/12/21,56,2023,12,21,3,1487.75
2023/12/21,57,2023,12,21,3,8636.75
2023/12/21,58,2023,12,21,3,844.37
2023/12/21,60,2023,12,21,3,67143.51
2023/12/21,61,2023,12,21,3,701.37
2023/12/21,63,2023,12,21,3,2054.0
2023/12/21,66,2023,12,21,3,711.74
2023/12/21,68,2023,12,21,3,1414.32
2023/12/22,1,2023,12,22,4,44853.67
2023/12/22,2,2023,12,22,4,7844.79
2023/12/22,3,2023,12,22,4,13760.29
2023/12/22,4,2023,12,22,4,23503.3
2023/12/22,5,2023,12,22,4,23021.23
2023/12/22,6,2023,12,22,4,30597.96
2023/12/22,7,2023,12,22,4,34588.91
2023/12/22,8,2023,12,22,4,38301.67
2023/12/22,9,2023,12,22,4,27023.95
2023/12/22,10,2023,12,22,4,41878.85
2023/12/22,12,2023,12,22,4,4190.12
2023/12/22,14,2023,12,22,4,1464.83
2023/12/22,15,2023,12,22,4,4364.38
2023/12/22,16,2023,12,22,4,2162.12
2023/12/22,17,2023,12,22,4,19061.3
2023/12/22,18,2023,12,22,4,5805.54
2023/12/22,19,2023,12,22,4,7246.69
2023/12/22,20,2023,12,22,4,134.35
2023/12/22,21,2023,12,22,4,2125.66
2023/12/22,22,2023,12,22,4,8366.36
2023/12/22,23,2023,12,22,4,4174.44
2023/12/22,24,2023,12,22,4,5212.81
2023/12/22,25,2023,12,22,4,47041.59
2023/12/22,26,2023,12,22,4,4047.85
2023/12/22,27,2023,12,22,4,3418.25
2023/12/22,28,2023,12,22,4,971.86
2023/12/22,29,2023,12,22,4,6810.14
2023/12/22,30,2023,12,22,4,5050.48
2023/12/22,31,2023,12,22,4,11431.76
2023/12/22,32,2023,12,22,4,2164.28
2023/12/22,34,2023,12,22,4,8721.61
2023/12/22,35,2023,12,22,4,32204.12
2023/12/22,36,2023,12,22,4,624.66
2023/12/22,37,2023,12,22,4,600.35
2023/12/22,38,2023,12,22,4,3743.36
2023/12/22,39,2023,12,22,4,2144.05
2023/12/22,40,2023,12,22,4,2886.37
2023/12/22,41,2023,12,22,4,1523.55
2023/12/22,43,2023,12,22,4,3178.13
2023/12/22,44,2023,12,22,4,17092.0
2023/12/22,46,2023,12,22,4,2565.48
2023/12/22,47,2023,12,22,4,44633.23
2023/12/22,48,2023,12,22,4,639.02
2023/12/22,49,2023,12,22,4,6677.91
2023/12/22,51,2023,12,22,4,11407.67
2023/12/22,52,2023,12,22,4,3480.54
2023/12/22,53,2023,12,22,4,34340.23
2023/12/22,54,2023,12,22,4,8563.33
2023/12/22,55,2023,12,22,4,3119.3
2023/12/22,56,2023,12,22,4,1532.3
2023/12/22,57,2023,12,22,4,8418.58
2023/12/22,58,2023,12,22,4,851.95
2023/12/22,60,2023,12,22,4,67009.78
2023/12/22,61,2023,12,22,4,652.18
2023/12/22,63,2023,12,22,4,2122.91
2023/12/22,66,2023,12,22,4,692.78
2023/12/22,68,2023,12,22,4,1417.6
2023/12/23,1,2023,12,23,5,44843.88
2023/12/23,2,2023,12,23,5,7702.5
2023/12/23,3,2023,12,23,5,13016.2
2023/12/23,4,2023,12,23,5,23760.57
2023/12/23,5,2023,12,23,5,23519.26
2023/12/23,6,2023,12,23,5,30181.74
2023/12/23,7,2023,12,23,5,34360.49
2023/12/23,8,2023,12,23,5,37523.07
2023/12/23,9,2023,12,23,5,26905.97
2023/12/23,10,2023,12,23,5,41439.55
2023/12/23,12,2023,12,23,5,4780.71
2023/12/23,14,2023,12,23,5,1375.72
2023/12/23,15,2023,12,23,5,4210.8
2023/12/23,16,2023,12,23,5,2221.89
2023/12/23,17,2023,12,23,5,18861.44
2023/12/23,18,2023,12,23,5,6075.95
2023/12/23,19,2023,12,23,5,7152.01
2023/12/23,20,2023,12,23,5,62.34
2023/12/23,21,2023,12,23,5,2411.84
2023/12/23,22,2023,12,23,5,8772.59
2023/12/23,23,2023,12,23,5,4119.3
2023/12/23,24,2023,12,23,5,5690.93
2023/12/23,25,2023,12,23,5,46006.84
2023/12/23,26,2023,12,23,5,4130.63
2023/12/23,27,2023,12,23,5,3643.43
2023/12/23,28,2023,12,23,5,1020.63
2023/12/23,29,2023,12,23,5,6640.23
2023/12/23,30,2023,12,23,5,5521.66
2023/12/23,31,2023,12,23,5,11933.4
2023/12/23,32,2023,12,23,5,1916.38
2023/12/23,34,2023,12,23,5,8995.65
2023/12/23,35,2023,12,23,5,34656.41
2023/12/23,36,2023,12,23,5,469.04
2023/12/23,37,2023,12,23,5,600.95
2023/12/23,38,2023,12,23,5,3713.85
2023/12/23,39,2023,12,23,5,2081.49
2023/12/23,40,2023,12,23,5,3998.31
2023/12/23,41,2023,12,23,5,1671.14
2023/12/23,43,2023,12,23,5,3068.52
2023/12/23,44,2023,12,23,5,16588.51
2023/12/23,46,2023,12,23,5,2561.46
2023/12/23,47,2023,12,23,5,43616.98
2023/12/23,48,2023,12,23,5,669.08
2023/12/23,49,2023,12,23,5,6705.48
2023/12/23,51,2023,12,23,5,11132.51
2023/12/23,52,2023,12,23,5,4125.17
2023/12/23,53,2023,12,23,5,34000.62
2023/12/23,54,2023,12,23,5,8518.19
2023/12/23,55,2023,12,23,5,3209.27
2023/12/23,56,2023,12,23,5,1624.78
2023/12/23,57,2023,12,23,5,8737.67
2023/12/23,58,2023,12,23,5,755.38
2023/12/23,60,2023,12,23,5,65938.7
2023/12/23,61,2023,12,23,5,633.68
2023/12/23,63,2023,12,23,5,2582.85
2023/12/23,66,2023,12,23,5,696.7
2023/12/23,68,2023,12,23,5,1743.64
2023/12/24,1,2023,12,24,6,44115.02
2023/12/24,2,2023,12,24,6,7710.07
2023/12/24,3,2023,12,24,6,12749.9
2023/12/24,4,2023,12,24,6,21393.45
2023/12/24,5,2023,12,24,6,21277.18
2023/12/24,6,2023,12,24,6,29936.85
2023/12/24,7,2023,12,24,6,34182.91
2023/12/24,8,2023,12,24,6,36920.84
2023/12/24,9,2023,12,24,6,26534.1
2023/12/24,10,2023,12,24,6,40604.53
2023/12/24,12,2023,12,24,6,6001.38
2023/12/24,14,2023,12,24,6,1331.69
2023/12/24,15,2023,12,24,6,3990.83
2023/12/24,16,2023,12,24,6,2443.69
2023/12/24,17,2023,12,24,6,18138.79
2023/12/24,18,2023,12,24,6,6128.07
2023/12/24,19,2023,12,24,6,5018.21
2023/12/24,20,2023,12,24,6,60.82
2023/12/24,21,2023,12,24,6,2635.72
2023/12/24,22,2023,12,24,6,9954.36
2023/12/24,23,2023,12,24,6,4625.24
2023/12/24,24,2023,12,24,6,5990.67
2023/12/24,25,2023,12,24,6,45562.56
2023/12/24,26,2023,12,24,6,4179.22
2023/12/24,27,2023,12,24,6,3549.16
2023/12/24,28,2023,12,24,6,1049.96
2023/12/24,29,2023,12,24,6,7239.67
2023/12/24,30,2023,12,24,6,4279.56
2023/12/24,31,2023,12,24,6,11745.72
2023/12/24,32,2023,12,24,6,1982.15
2023/12/24,34,2023,12,24,6,8296.98
2023/12/24,35,2023,12,24,6,38474.39
2023/12/24,36,2023,12,24,6,499.12
2023/12/24,37,2023,12,24,6,674.7
2023/12/24,38,2023,12,24,6,4200.46
2023/12/24,39,2023,12,24,6,2096.37
2023/12/24,40,2023,12,24,6,4007.16
2023/12/24,41,2023,12,24,6,1726.03
2023/12/24,43,2023,12,24,6,2910.66
2023/12/24,44,2023,12,24,6,16154.97
2023/12/24,46,2023,12,24,6,2452.15
2023/12/24,47,2023,12,24,6,44575.36
2023/12/24,48,2023,12,24,6,602.81
2023/12/24,49,2023,12,24,6,6367.24
2023/12/24,51,2023,12,24,6,11023.95
2023/12/24,52,2023,12,24,6,4380.16
2023/12/24,53,2023,12,24,6,34446.33
2023/12/24,54,2023,12,24,6,8915.17
2023/12/24,55,2023,12,24,6,3185.06
2023/12/24,56,2023,12,24,6,1843.27
2023/12/24,57,2023,12,24,6,8479.3
2023/12/24,58,2023,12,24,6,715.44
2023/12/24,60,2023,12,24,6,75582.54
2023/12/24,61,2023,12,24,6,617.27
2023/12/24,63,2023,12,24,6,2419.17
2023/12/24,66,2023,12,24,6,763.67
2023/12/24,68,2023,12,24,6,1563.48
2023/12/25,1,2023,12,25,0,42405.98
2023/12/25,2,2023,12,25,0,9235.66
2023/12/25,3,2023,12,25,0,12440.85
2023/12/25,4,2023,12,25,0,21351.63
2023/12/25,5,2023,12,25,0,21566.69
2023/12/25,6,2023,12,25,0,29351.34
2023/12/25,7,2023,12,25,0,34007.86
2023/12/25,8,2023,12,25,0,37189.07
2023/12/25,9,2023,12,25,0,25779.88
2023/12/25,10,2023,12,25,0,40149.65
2023/12/25,12,2023,12,25,0,4829.55
2023/12/25,14,2023,12,25,0,1451.45
2023/12/25,15,2023,12,25,0,3834.16
2023/12/25,16,2023,12,25,0,2477.17
2023/12/25,17,2023,12,25,0,17704.66
2023/12/25,18,2023,12,25,0,5351.61
2023/12/25,19,2023,12,25,0,6962.26
2023/12/25,20,2023,12,25,0,110.69
2023/12/25,21,2023,12,25,0,1959.93
2023/12/25,22,2023,12,25,0,10635.93
2023/12/25,23,2023,12,25,0,3601.44
2023/12/25,24,2023,12,25,0,5487.32
2023/12/25,25,2023,12,25,0,46225.84
2023/12/25,26,2023,12,25,0,3988.18
2023/12/25,27,2023,12,25,0,3541.33
2023/12/25,28,2023,12,25,0,1108.77
2023/12/25,29,2023,12,25,0,7765.24
2023/12/25,30,2023,12,25,0,4241.49
2023/12/25,31,2023,12,25,0,11179.7
2023/12/25,32,2023,12,25,0,3073.37
2023/12/25,34,2023,12,25,0,9274.47
2023/12/25,35,2023,12,25,0,31167.38
2023/12/25,36,2023,12,25,0,739.19
2023/12/25,37,2023,12,25,0,1301.42
2023/12/25,38,2023,12,25,0,3936.28
2023/12/25,39,2023,12,25,0,2268.22
2023/12/25,40,2023,12,25,0,2979.47
2023/12/25,41,2023,12,25,0,1927.46
2023/12/25,43,2023,12,25,0,3111.05
2023/12/25,44,2023,12,25,0,16602.77
2023/12/25,46,2023,12,25,0,2354.43
2023/12/25,47,2023,12,25,0,47900.9
2023/12/25,48,2023,12,25,0,667.28
2023/12/25,49,2023,12,25,0,6368.84
2023/12/25,51,2023,12,25,0,11062.44
2023/12/25,52,2023,12,25,0,3360.32
2023/12/25,53,2023,12,25,0,32107.84
2023/12/25,54,2023,12,25,0,9183.53
2023/12/25,55,2023,12,25,0,4053.11
2023/12/25,56,2023,12,25,0,1908.16
2023/12/25,57,2023,12,25,0,8211.86
2023/12/25,58,2023,12,25,0,859.1
2023/12/25,60,2023,12,25,0,65177.19
2023/12/25,61,2023,12,25,0,673.99
2023/12/25,63,2023,12,25,0,2236.07
2023/12/25,66,2023,12,25,0,837.02
2023/12/25,68,2023,12,25,0,1617.17
2023/12/26,1,2023,12,26,1,42282.98
2023/12/26,2,2023,12,26,1,8698.67
2023/12/26,3,2023,12,26,1,12280.15
2023/12/26,4,2023,12,26,1,20695.81
2023/12/26,5,2023,12,26,1,20867.68
2023/12/26,6,2023,12,26,1,29264.87
2023/12/26,7,2023,12,26,1,33608.05
2023/12/26,8,2023,12,26,1,37775.36
2023/12/26,9,2023,12,26,1,26020.03
2023/12/26,10,2023,12,26,1,38621.28
2023/12/26,12,2023,12,26,1,4461.62
2023/12/26,14,2023,12,26,1,1486.2
2023/12/26,15,2023,12,26,1,4243.19
2023/12/26,16,2023,12,26,1,2379.42
2023/12/26,17,2023,12,26,1,18538.85
2023/12/26,18,2023,12,26,1,5474.54
2023/12/26,19,2023,12,26,1,6989.2
2023/12/26,20,2023,12,26,1,91.27
2023/12/26,21,2023,12,26,1,2007.57
2023/12/26,22,2023,12,26,1,7797.01
2023/12/26,23,2023,12,26,1,3569.43
2023/12/26,24,2023,12,26,1,5365.98
2023/12/26,25,2023,12,26,1,46090.56
2023/12/26,26,2023,12,26,1,4057.55
2023/12/26,27,2023,12,26,1,3566.84
2023/12/26,28,2023,12,26,1,1049.06
2023/12/26,29,2023,12,26,1,7817.32
2023/12/26,30,2023,12,26,1,4511.57
2023/12/26,31,2023,12,26,1,11172.02
2023/12/26,32,2023,12,26,1,2804.1
2023/12/26,34,2023,12,26,1,9206.75
2023/12/26,35,2023,12,26,1,30630.71
2023/12/26,36,2023,12,26,1,678.37
2023/12/26,37,2023,12,26,1,1067.45
2023/12/26,38,2023,12,26,1,3960.31
2023/12/26,39,2023,12,26,1,2285.08
2023/12/26,40,2023,12,26,1,2952.79
2023/12/26,41,2023,12,26,1,1872.98
2023/12/26,43,2023,12,26,1,2984.58
2023/12/26,44,2023,12,26,1,16440.52
2023/12/26,46,2023,12,26,1,2533.36
2023/12/26,47,2023,12,26,1,50641.72
2023/12/26,48,2023,12,26,1,652.13
2023/12/26,49,2023,12,26,1,6363.77
2023/12/26,51,2023,12,26,1,11188.45
2023/12/26,52,2023,12,26,1,3371.86
2023/12/26,53,2023,12,26,1,33425.06
2023/12/26,54,2023,12,26,1,8693.78
2023/12/26,55,2023,12,26,1,3398.37
2023/12/26,56,2023,12,26,1,1887.8
2023/12/26,57,2023,12,26,1,8185.96
2023/12/26,58,2023,12,26,1,890.57
2023/12/26,60,2023,12,26,1,61341.21
2023/12/26,61,2023,12,26,1,677.34
2023/12/26,63,2023,12,26,1,2099.52
2023/12/26,66,2023,12,26,1,758.14
2023/12/26,68,2023,12,26,1,1538.37
2023/12/27,1,2023,12,27,2,45005.67
2023/12/27,2,2023,12,27,2,7732.69
2023/12/27,3,2023,12,27,2,12453.44
2023/12/27,4,2023,12,27,2,20840.56
2023/12/27,5,2023,12,27,2,21159.3
2023/12/27,6,2023,12,27,2,29231.3
2023/12/27,7,2023,12,27,2,33707.84
2023/12/27,8,2023,12,27,2,38109.33
2023/12/27,9,2023,12,27,2,26683.18
2023/12/27,10,2023,12,27,2,39289.06
2023/12/27,12,2023,12,27,2,4321.48
2023/12/27,14,2023,12,27,2,1502.65
2023/12/27,15,2023,12,27,2,4794.68
2023/12/27,16,2023,12,27,2,2241.43
2023/12/27,17,2023,12,27,2,18456.94
2023/12/27,18,2023,12,27,2,5495.73
2023/12/27,19,2023,12,27,2,6753.67
2023/12/27,20,2023,12,27,2,71.67
2023/12/27,21,2023,12,27,2,1956.16
2023/12/27,22,2023,12,27,2,7889.06
2023/12/27,23,2023,12,27,2,3586.93
2023/12/27,24,2023,12,27,2,5155.77
2023/12/27,25,2023,12,27,2,45543.42
2023/12/27,26,2023,12,27,2,4039.18
2023/12/27,27,2023,12,27,2,3608.69
2023/12/27,28,2023,12,27,2,953.68
2023/12/27,29,2023,12,27,2,6969.45
2023/12/27,30,2023,12,27,2,4244.09
2023/12/27,31,2023,12,27,2,11198.73
2023/12/27,32,2023,12,27,2,2284.5
2023/12/27,34,2023,12,27,2,8807.92
2023/12/27,35,2023,12,27,2,30311.84
2023/12/27,36,2023,12,27,2,695.82
2023/12/27,37,2023,12,27,2,870.28
2023/12/27,38,2023,12,27,2,3798.63
2023/12/27,39,2023,12,27,2,2217.76
2023/12/27,40,2023,12,27,2,2953.64
2023/12/27,41,2023,12,27,2,1702.1
2023/12/27,43,2023,12,27,2,2849.04
2023/12/27,44,2023,12,27,2,16444.1
2023/12/27,46,2023,12,27,2,2831.59
2023/12/27,47,2023,12,27,2,47952.48
2023/12/27,48,2023,12,27,2,632.3
2023/12/27,49,2023,12,27,2,6465.39
2023/12/27,51,2023,12,27,2,11295.35
2023/12/27,52,2023,12,27,2,3208.13
2023/12/27,53,2023,12,27,2,33703.46
2023/12/27,54,2023,12,27,2,8690.56
2023/12/27,55,2023,12,27,2,3176.36
2023/12/27,56,2023,12,27,2,1630.3
2023/12/27,57,2023,12,27,2,8386.52
2023/12/27,58,2023,12,27,2,825.91
2023/12/27,60,2023,12,27,2,61322.49
2023/12/27,61,2023,12,27,2,661.65
2023/12/27,63,2023,12,27,2,2114.23
2023/12/27,66,2023,12,27,2,737.66
2023/12/27,68,2023,12,27,2,1494.63
2023/12/28,1,2023,12,28,3,45079.12
2023/12/28,2,2023,12,28,3,7611.52
2023/12/28,3,2023,12,28,3,12464.81
2023/12/28,4,2023,12,28,3,20737.4
2023/12/28,5,2023,12,28,3,21083.73
2023/12/28,6,2023,12,28,3,29014.5
2023/12/28,7,2023,12,28,3,33583.44
2023/12/28,8,2023,12,28,3,38354.1
2023/12/28,9,2023,12,28,3,26952.41
2023/12/28,10,2023,12,28,3,39107.3
2023/12/28,12,2023,12,28,3,4270.47
2023/12/28,14,2023,12,28,3,1507.75
2023/12/28,15,2023,12,28,3,4660.5
2023/12/28,16,2023,12,28,3,2273.45
2023/12/28,17,2023,12,28,3,18729.6
2023/12/28,18,2023,12,28,3,5760.66
2023/12/28,19,2023,12,28,3,7095.11
2023/12/28,20,2023,12,28,3,59.07
2023/12/28,21,2023,12,28,3,1982.74
2023/12/28,22,2023,12,28,3,8213.27
2023/12/28,23,2023,12,28,3,3740.86
2023/12/28,24,2023,12,28,3,5120.45
2023/12/28,25,2023,12,28,3,45940.04
2023/12/28,26,2023,12,28,3,3980.2
2023/12/28,27,2023,12,28,3,3636.82
2023/12/28,28,2023,12,28,3,957.61
2023/12/28,29,2023,12,28,3,6826.74
2023/12/28,30,2023,12,28,3,4091.63
2023/12/28,31,2023,12,28,3,11447.13
2023/12/28,32,2023,12,28,3,2286.34
2023/12/28,34,2023,12,28,3,8897.03
2023/12/28,35,2023,12,28,3,30224.5
2023/12/28,36,2023,12,28,3,623.81
2023/12/28,37,2023,12,28,3,983.74
2023/12/28,38,2023,12,28,3,3862.95
2023/12/28,39,2023,12,28,3,2215.1
2023/12/28,40,2023,12,28,3,3049.41
2023/12/28,41,2023,12,28,3,1626.72
2023/12/28,43,2023,12,28,3,2868.96
2023/12/28,44,2023,12,28,3,16640.64
2023/12/28,46,2023,12,28,3,2946.71
2023/12/28,47,2023,12,28,3,44698.59
2023/12/28,48,2023,12,28,3,627.38
2023/12/28,49,2023,12,28,3,6488.05
2023/12/28,51,2023,12,28,3,11276.73
2023/12/28,52,2023,12,28,3,3328.64
2023/12/28,53,2023,12,28,3,33858.9
2023/12/28,54,2023,12,28,3,8521.88
2023/12/28,55,2023,12,28,3,3198.49
2023/12/28,56,2023,12,28,3,1522.4
2023/12/28,57,2023,12,28,3,8457.28
2023/12/28,58,2023,12,28,3,845.14
2023/12/28,60,2023,12,28,3,61376.58
2023/12/28,61,2023,12,28,3,656.77
2023/12/28,63,2023,12,28,3,2217.38
2023/12/28,66,2023,12,28,3,738.55
2023/12/28,68,2023,12,28,3,1474.17
2023/12/29,1,2023,12,29,4,44787.92
2023/12/29,2,2023,12,29,4,7593.11
2023/12/29,3,2023,12,29,4,12679.39
2023/12/29,4,2023,12,29,4,21257.69
2023/12/29,5,2023,12,29,4,21461.57
2023/12/29,6,2023,12,29,4,29041.02
2023/12/29,7,2023,12,29,4,33587.17
2023/12/29,8,2023,12,29,4,38404.01
2023/12/29,9,2023,12,29,4,26934.53
2023/12/29,10,2023,12,29,4,39696.97
2023/12/29,12,2023,12,29,4,4252.69
2023/12/29,14,2023,12,29,4,1620.59
2023/12/29,15,2023,12,29,4,4984.26
2023/12/29,16,2023,12,29,4,2353.42
2023/12/29,17,2023,12,29,4,18816.99
2023/12/29,18,2023,12,29,4,5879.51
2023/12/29,19,2023,12,29,4,6926.52
2023/12/29,20,2023,12,29,4,62.93
2023/12/29,21,2023,12,29,4,2211.05
2023/12/29,22,2023,12,29,4,8445.14
2023/12/29,23,2023,12,29,4,4158.11
2023/12/29,24,2023,12,29,4,5064.88
2023/12/29,25,2023,12,29,4,45667.83
2023/12/29,26,2023,12,29,4,4073.85
2023/12/29,27,2023,12,29,4,3655.34
2023/12/29,28,2023,12,29,4,974.34
2023/12/29,29,2023,12,29,4,6826.41
2023/12/29,30,2023,12,29,4,5085.97
2023/12/29,31,2023,12,29,4,11372.68
2023/12/29,32,2023,12,29,4,2222.67
2023/12/29,34,2023,12,29,4,9035.51
2023/12/29,35,2023,12,29,4,30259.79
2023/12/29,36,2023,12,29,4,484.86
2023/12/29,37,2023,12,29,4,889.51
2023/12/29,38,2023,12,29,4,3992.62
2023/12/29,39,2023,12,29,4,2241.87
2023/12/29,40,2023,12,29,4,2997.15
2023/12/29,41,2023,12,29,4,1704.16
2023/12/29,43,2023,12,29,4,2844.96
2023/12/29,44,2023,12,29,4,16800.18
2023/12/29,46,2023,12,29,4,2707.77
2023/12/29,47,2023,12,29,4,43292.42
2023/12/29,48,2023,12,29,4,624.67
2023/12/29,49,2023,12,29,4,6523.66
2023/12/29,51,2023,12,29,4,11243.1
2023/12/29,52,2023,12,29,4,3666.47
2023/12/29,53,2023,12,29,4,32931.34
2023/12/29,54,2023,12,29,4,8179.36
2023/12/29,55,2023,12,29,4,3153.8
2023/12/29,56,2023,12,29,4,1549.65
2023/12/29,57,2023,12,29,4,8298.02
2023/12/29,58,2023,12,29,4,851.74
2023/12/29,60,2023,12,29,4,61560.54
2023/12/29,61,2023,12,29,4,630.87
2023/12/29,63,2023,12,29,4,2466.99
2023/12/29,66,2023,12,29,4,724.07
2023/12/29,68,2023,12,29,4,1473.85
2023/12/30,1,2023,12,30,5,44739.16
2023/12/30,2,2023,12,30,5,7522.41
2023/12/30,3,2023,12,30,5,12524.22
2023/12/30,4,2023,12,30,5,21908.44
2023/12/30,5,2023,12,30,5,22051.98
2023/12/30,6,2023,12,30,5,28670.49
2023/12/30,7,2023,12,30,5,33596.09
2023/12/30,8,2023,12,30,5,37253.61
2023/12/30,9,2023,12,30,5,26861.32
2023/12/30,10,2023,12,30,5,39512.04
2023/12/30,12,2023,12,30,5,4658.9
2023/12/30,14,2023,12,30,5,1602.35
2023/12/30,15,2023,12,30,5,4937.71
2023/12/30,16,2023,12,30,5,2379.09
2023/12/30,17,2023,12,30,5,18766.44
2023/12/30,18,2023,12,30,5,6192.47
2023/12/30,19,2023,12,30,5,7268.75
2023/12/30,20,2023,12,30,5,62.71
2023/12/30,21,2023,12,30,5,2484.54
2023/12/30,22,2023,12,30,5,9323.32
2023/12/30,23,2023,12,30,5,4132.95
2023/12/30,24,2023,12,30,5,5605.36
2023/12/30,25,2023,12,30,5,43486.78
2023/12/30,26,2023,12,30,5,4433.9
2023/12/30,27,2023,12,30,5,3975.2
2023/12/30,28,2023,12,30,5,1010.09
2023/12/30,29,2023,12,30,5,6629.35
2023/12/30,30,2023,12,30,5,5491.37
2023/12/30,31,2023,12,30,5,11861.89
2023/12/30,32,2023,12,30,5,1895.05
2023/12/30,34,2023,12,30,5,9664.91
2023/12/30,35,2023,12,30,5,33910.96
2023/12/30,36,2023,12,30,5,492.53
2023/12/30,37,2023,12,30,5,904.92
2023/12/30,38,2023,12,30,5,3972.4
2023/12/30,39,2023,12,30,5,2167.48
2023/12/30,40,2023,12,30,5,4194.71
2023/12/30,41,2023,12,30,5,1715.96
2023/12/30,43,2023,12,30,5,3096.46
2023/12/30,44,2023,12,30,5,16279.82
2023/12/30,46,2023,12,30,5,2375.1
2023/12/30,47,2023,12,30,5,40024.6
2023/12/30,48,2023,12,30,5,664.48
2023/12/30,49,2023,12,30,5,6667.48
2023/12/30,51,2023,12,30,5,10983.06
2023/12/30,52,2023,12,30,5,4420.08
2023/12/30,53,2023,12,30,5,32563.71
2023/12/30,54,2023,12,30,5,8443.54
2023/12/30,55,2023,12,30,5,3354.1
2023/12/30,56,2023,12,30,5,1483.34
2023/12/30,57,2023,12,30,5,8402.48
2023/12/30,58,2023,12,30,5,717.29
2023/12/30,60,2023,12,30,5,62657.27
2023/12/30,61,2023,12,30,5,624.98
2023/12/30,63,2023,12,30,5,3363.64
2023/12/30,66,2023,12,30,5,716.23
2023/12/30,68,2023,12,30,5,1729.8
