分拣中心,日期,货量
1,2023/12/1,58748.21315073647
2,2023/12/1,21532.024883516126
3,2023/12/1,22389.297732184637
4,2023/12/1,38281.34702839956
5,2023/12/1,39331.37927
6,2023/12/1,62964.074634516015
7,2023/12/1,66802.27267006031
8,2023/12/1,66661.40454043067
9,2023/12/1,64007.91242
10,2023/12/1,64740.478214487484
12,2023/12/1,8484.460526520068
14,2023/12/1,1421.0044408600822
15,2023/12/1,4235.796536339852
16,2023/12/1,4323.552192041831
17,2023/12/1,24968.635149935813
18,2023/12/1,13194.414452116076
19,2023/12/1,14651.915160137778
20,2023/12/1,226.65466818263891
21,2023/12/1,3604.330634701213
22,2023/12/1,12950.413180903923
23,2023/12/1,4857.066283973992
24,2023/12/1,8682.169483357164
25,2023/12/1,50033.39001074401
26,2023/12/1,7137.039930305288
27,2023/12/1,7094.3602282031425
28,2023/12/1,1845.5205015122463
29,2023/12/1,11145.383749966491
30,2023/12/1,6789.548407212989
31,2023/12/1,14839.134267997875
32,2023/12/1,5281.874387860382
34,2023/12/1,18310.296334558214
35,2023/12/1,33254.638031721595
36,2023/12/1,1183.8470270908101
37,2023/12/1,1174.5346599738318
38,2023/12/1,8129.857718920317
39,2023/12/1,7496.055971065094
40,2023/12/1,7641.741619578563
41,2023/12/1,7200.268878844312
43,2023/12/1,8420.352350213116
44,2023/12/1,21269.59349929306
46,2023/12/1,2438.5190693424324
47,2023/12/1,59547.74756468792
48,2023/12/1,1552.2999711808495
49,2023/12/1,8241.595856611093
51,2023/12/1,14864.382656910158
52,2023/12/1,5750.217749999512
53,2023/12/1,36151.70212716104
54,2023/12/1,16268.294172008833
55,2023/12/1,6493.275249752267
56,2023/12/1,2811.8119936665476
57,2023/12/1,13937.989189055428
58,2023/12/1,1138.809015829174
60,2023/12/1,73002.07408065803
61,2023/12/1,1823.4888773071773
63,2023/12/1,3922.222046112436
66,2023/12/1,871.5821953584899
68,2023/12/1,2679.2535834132295
1,2023/12/2,58748.21315073647
2,2023/12/2,15801.117557905778
3,2023/12/2,17360.387909357596
4,2023/12/2,36291.129887450785
5,2023/12/2,37222.96452133046
6,2023/12/2,57128.93718278257
7,2023/12/2,60756.143138581516
8,2023/12/2,60480.65739784077
9,2023/12/2,57686.58954448895
10,2023/12/2,58461.68000533188
12,2023/12/2,8163.025147986836
14,2023/12/2,1416.970185675018
15,2023/12/2,4171.10715
16,2023/12/2,3795.552327
17,2023/12/2,23344.86023208329
18,2023/12/2,11715.834290661838
19,2023/12/2,12865.718326504117
20,2023/12/2,219.9682359536335
21,2023/12/2,3476.1015868624495
22,2023/12/2,12980.450702271444
23,2023/12/2,4244.622404341674
24,2023/12/2,7159.417110098186
25,2023/12/2,49574.396946510344
26,2023/12/2,7236.872091576382
27,2023/12/2,7184.228476150525
28,2023/12/2,1853.0377539488934
29,2023/12/2,8828.129082672609
30,2023/12/2,5799.278029805078
31,2023/12/2,14231.271378353536
32,2023/12/2,3346.6453776268927
34,2023/12/2,13215.013261638622
35,2023/12/2,33254.638031721595
36,2023/12/2,1039.2876410318388
37,2023/12/2,1005.7845295369254
38,2023/12/2,5979.368064097874
39,2023/12/2,5018.9802
40,2023/12/2,5388.130949858946
41,2023/12/2,4293.282620385698
43,2023/12/2,6742.461247855396
44,2023/12/2,20848.39371455642
46,2023/12/2,2416.2377602802235
47,2023/12/2,50561.52246
48,2023/12/2,1080.3041290974113
49,2023/12/2,8135.566402241098
51,2023/12/2,14598.369445732646
52,2023/12/2,5741.258386027989
53,2023/12/2,36317.32601
54,2023/12/2,14633.451971066563
55,2023/12/2,5231.335719519429
56,2023/12/2,2709.3443934589623
57,2023/12/2,13246.484641919647
58,2023/12/2,892.7571855288267
60,2023/12/2,73073.27706
61,2023/12/2,1566.4414800509483
63,2023/12/2,3927.678778138579
66,2023/12/2,795.8998218355564
68,2023/12/2,1764.9976660870407
1,2023/12/3,58748.21315073647
2,2023/12/3,13878.216294768932
3,2023/12/3,15794.125993508032
4,2023/12/3,33057.98507574613
5,2023/12/3,33904.91279
6,2023/12/3,50277.55300461152
7,2023/12/3,54040.14374258325
8,2023/12/3,53718.755112953615
9,2023/12/3,51012.63900326107
10,2023/12/3,51787.72946410402
12,2023/12/3,7939.738023749148
14,2023/12/3,1363.7285755733465
15,2023/12/3,4167.441809980205
16,2023/12/3,3461.220747249494
17,2023/12/3,22990.049443965898
18,2023/12/3,11567.514869564779
19,2023/12/3,12278.885843109412
20,2023/12/3,230.4365807274279
21,2023/12/3,3435.9466602948614
22,2023/12/3,12980.450702271444
23,2023/12/3,4157.392257
24,2023/12/3,7127.265945458415
25,2023/12/3,49417.45629645525
26,2023/12/3,7259.806950855675
27,2023/12/3,7212.070355271086
28,2023/12/3,1869.497148154724
29,2023/12/3,8043.832048504651
30,2023/12/3,5119.036826
31,2023/12/3,13859.485651794788
32,2023/12/3,3252.4334752266554
34,2023/12/3,12067.79525449084
35,2023/12/3,33254.638031721595
36,2023/12/3,1055.2418465918195
37,2023/12/3,1059.2591060457626
38,2023/12/3,5173.199675037057
39,2023/12/3,3681.8454352175854
40,2023/12/3,4194.524522636129
41,2023/12/3,3086.5084706257435
43,2023/12/3,5733.132713605754
44,2023/12/3,20517.240983147447
46,2023/12/3,2426.6014285044835
47,2023/12/3,48582.28119006072
48,2023/12/3,1087.7804709239617
49,2023/12/3,7954.362288409875
51,2023/12/3,14453.485332323009
52,2023/12/3,5526.96778
53,2023/12/3,36317.32601
54,2023/12/3,13466.069003865445
55,2023/12/3,4931.406334555054
56,2023/12/3,2695.0616742029097
57,2023/12/3,12671.81536
58,2023/12/3,813.8835701985663
60,2023/12/3,73366.23329175338
61,2023/12/3,1543.8361807113235
63,2023/12/3,3897.145775493076
66,2023/12/3,816.0068955310076
68,2023/12/3,1724.7049280545411
1,2023/12/4,58748.21315073647
2,2023/12/4,13024.798123292016
3,2023/12/4,15060.525148342696
4,2023/12/4,31352.689475524247
5,2023/12/4,31961.38640768948
6,2023/12/4,40748.92168220668
7,2023/12/4,45802.799632399816
8,2023/12/4,45441.688336103514
9,2023/12/4,42055.42890319549
10,2023/12/4,42932.839290325115
12,2023/12/4,7088.893870504142
14,2023/12/4,1284.2628091329634
15,2023/12/4,3859.5900460083294
16,2023/12/4,3448.5318193550625
17,2023/12/4,22814.375663553434
18,2023/12/4,11495.700642255362
19,2023/12/4,12894.390038412546
20,2023/12/4,239.41132422708003
21,2023/12/4,2990.3118103052902
22,2023/12/4,12950.413180903923
23,2023/12/4,4124.7968442456895
24,2023/12/4,6974.9753908976645
25,2023/12/4,49429.22613993006
26,2023/12/4,6983.898622122279
27,2023/12/4,6933.772854253159
28,2023/12/4,1850.7034104414665
29,2023/12/4,8222.745843391946
30,2023/12/4,4141.603297198352
31,2023/12/4,13802.819501001139
32,2023/12/4,3080.0323103092046
34,2023/12/4,11859.74263508651
35,2023/12/4,33254.638031721595
36,2023/12/4,986.3481415620448
37,2023/12/4,974.1431438456993
38,2023/12/4,5052.662176631066
39,2023/12/4,3676.109809612314
40,2023/12/4,4108.201775927634
41,2023/12/4,2943.870001240334
43,2023/12/4,5638.939072916122
44,2023/12/4,20578.301233554652
46,2023/12/4,2422.980528918992
47,2023/12/4,47851.18913009093
48,2023/12/4,1030.9964914559018
49,2023/12/4,7919.552618219567
51,2023/12/4,14458.613726262403
52,2023/12/4,5437.269880183209
53,2023/12/4,36295.84793980473
54,2023/12/4,13282.783905787452
55,2023/12/4,4848.1495058837445
56,2023/12/4,2445.759318
57,2023/12/4,12335.350966240967
58,2023/12/4,852.9045769353759
60,2023/12/4,73002.07408065803
61,2023/12/4,1541.2813923515353
63,2023/12/4,3879.465033914393
66,2023/12/4,799.4335403
68,2023/12/4,1727.9253614673441
1,2023/12/5,58748.21315073647
2,2023/12/5,13028.244233214502
3,2023/12/5,15060.525148342696
4,2023/12/5,31375.372517852287
5,2023/12/5,31961.38640768948
6,2023/12/5,39913.723276223165
7,2023/12/5,45058.71970513431
8,2023/12/5,44711.54439740011
9,2023/12/5,41299.79199227316
10,2023/12/5,42177.20237940278
12,2023/12/5,7069.711190255379
14,2023/12/5,1267.4889596369792
15,2023/12/5,4031.9495458157626
16,2023/12/5,3461.5543951585223
17,2023/12/5,22898.396707795342
18,2023/12/5,11489.673078152799
19,2023/12/5,12966.558586204124
20,2023/12/5,233.1582341494209
21,2023/12/5,3021.716696
22,2023/12/5,12950.413180903923
23,2023/12/5,4124.7968442456895
24,2023/12/5,6996.149310053041
25,2023/12/5,49478.89584700077
26,2023/12/5,6978.382253937325
27,2023/12/5,6928.256486068203
28,2023/12/5,1854.1715816637443
29,2023/12/5,8260.446858292053
30,2023/12/5,4461.488994489431
31,2023/12/5,13816.989262905898
32,2023/12/5,3062.014109807966
34,2023/12/5,11824.831802528517
35,2023/12/5,33293.15988357345
36,2023/12/5,1010.4639584508022
37,2023/12/5,1023.1761973815351
38,2023/12/5,5059.447325865344
39,2023/12/5,3672.6864491397723
40,2023/12/5,4096.923656195833
41,2023/12/5,2933.652625578958
43,2023/12/5,5633.890554397603
44,2023/12/5,20566.706730630674
46,2023/12/5,2441.2929090388725
47,2023/12/5,45647.44794963961
48,2023/12/5,1029.117514451425
49,2023/12/5,7962.278131247113
51,2023/12/5,14480.650653766346
52,2023/12/5,5420.888841784517
53,2023/12/5,36348.26164386285
54,2023/12/5,13336.411002595594
55,2023/12/5,4854.807230502178
56,2023/12/5,2329.2398973753443
57,2023/12/5,12350.67256003606
58,2023/12/5,840.2600641532832
60,2023/12/5,73002.07408065803
61,2023/12/5,1541.2813923515353
63,2023/12/5,3878.8268130149227
66,2023/12/5,793.3519645
68,2023/12/5,1723.1844678116172
1,2023/12/6,58748.21315073647
2,2023/12/6,12981.063672322487
3,2023/12/6,15060.525148342696
4,2023/12/6,31375.372517852287
5,2023/12/6,31961.38640768948
6,2023/12/6,39851.86284356323
7,2023/12/6,45021.723712250285
8,2023/12/6,44674.54840451608
9,2023/12/6,41262.795999389135
10,2023/12/6,42140.20638651876
12,2023/12/6,7053.161519793646
14,2023/12/6,1268.2087160647618
15,2023/12/6,4190.3088101819585
16,2023/12/6,3477.6766853502145
17,2023/12/6,23015.48128452265
18,2023/12/6,11519.691157432957
19,2023/12/6,12985.280784440454
20,2023/12/6,252.29071179387125
21,2023/12/6,3054.781522836156
22,2023/12/6,12950.413180903923
23,2023/12/6,4124.7968442456895
24,2023/12/6,7015.257634171757
25,2023/12/6,49584.132747585565
26,2023/12/6,6981.028737001229
27,2023/12/6,6923.471840225286
28,2023/12/6,1849.3438266756448
29,2023/12/6,8184.854795255706
30,2023/12/6,4619.0061344187725
31,2023/12/6,13844.344827618963
32,2023/12/6,3066.6616689292305
34,2023/12/6,11848.526955209361
35,2023/12/6,33293.15988357345
36,2023/12/6,988.5473119089617
37,2023/12/6,985.8356766990291
38,2023/12/6,5062.281868040762
39,2023/12/6,3671.5462607008926
40,2023/12/6,4097.678873524398
41,2023/12/6,2936.053475773716
43,2023/12/6,5633.890554397603
44,2023/12/6,20577.25418651303
46,2023/12/6,2444.2582871901327
47,2023/12/6,46716.144576765546
48,2023/12/6,1029.22015
49,2023/12/6,7959.301859370841
51,2023/12/6,14500.288387162338
52,2023/12/6,5467.347409966335
53,2023/12/6,36367.45391052952
54,2023/12/6,13323.924126057922
55,2023/12/6,4837.972288643641
56,2023/12/6,2311.2482430869954
57,2023/12/6,12368.229485961985
58,2023/12/6,853.4645093218419
60,2023/12/6,73002.07408065803
61,2023/12/6,1540.5283115434543
63,2023/12/6,3894.6155175565686
66,2023/12/6,792.1022234808468
68,2023/12/6,1705.2837375728159
1,2023/12/7,58795.84017180926
2,2023/12/7,12979.832001278715
3,2023/12/7,15060.525148342696
4,2023/12/7,31375.372517852287
5,2023/12/7,31961.38640768948
6,2023/12/7,39911.98682310221
7,2023/12/7,45079.72043034679
8,2023/12/7,44746.40192816814
9,2023/12/7,41312.92691207831
10,2023/12/7,42190.337299207924
12,2023/12/7,7050.696919793647
14,2023/12/7,1267.460988
15,2023/12/7,4373.250384
16,2023/12/7,3534.7837729424555
17,2023/12/7,23022.526673610213
18,2023/12/7,11516.552975614775
19,2023/12/7,12981.110947028472
20,2023/12/7,257.1605354
21,2023/12/7,3101.643175920062
22,2023/12/7,12950.413180903923
23,2023/12/7,4127.797097119253
24,2023/12/7,7059.310438915307
25,2023/12/7,49584.132747585565
26,2023/12/7,6988.3318208623095
27,2023/12/7,6932.905931332744
28,2023/12/7,1849.3438266756448
29,2023/12/7,8141.797787
30,2023/12/7,4929.0821860854385
31,2023/12/7,13886.694163267113
32,2023/12/7,3276.161799
34,2023/12/7,11861.068391106797
35,2023/12/7,33293.15988357345
36,2023/12/7,988.0897977394353
37,2023/12/7,979.0821558330606
38,2023/12/7,5067.745868040763
39,2023/12/7,3671.5462607008926
40,2023/12/7,4108.256782278139
41,2023/12/7,2930.0054171467796
43,2023/12/7,5641.801078817628
44,2023/12/7,20553.35183
46,2023/12/7,2457.9025445306183
47,2023/12/7,46558.151783782065
48,2023/12/7,1029.296022794933
49,2023/12/7,7954.095317302382
51,2023/12/7,14500.288387162338
52,2023/12/7,5545.786378594849
53,2023/12/7,36506.35637265578
54,2023/12/7,13336.042459391256
55,2023/12/7,4846.079415297081
56,2023/12/7,2308.8395963830785
57,2023/12/7,12373.08293040643
58,2023/12/7,868.7704709059255
60,2023/12/7,73002.07408065803
61,2023/12/7,1540.5283115434543
63,2023/12/7,3894.6155175565686
66,2023/12/7,789.2866811145025
68,2023/12/7,1704.6330709061492
1,2023/12/8,58905.498005142596
2,2023/12/8,12984.612110211177
3,2023/12/8,15073.465257275157
4,2023/12/8,31338.33121357387
5,2023/12/8,31954.376744991063
6,2023/12/8,40038.53886879336
7,2023/12/8,45242.48942048239
8,2023/12/8,44909.17091830373
9,2023/12/8,41475.6959
10,2023/12/8,42353.10628934352
12,2023/12/8,7084.789186014754
14,2023/12/8,1266.7246781458905
15,2023/12/8,4526.822791
16,2023/12/8,3580.667533190058
17,2023/12/8,22981.36991
18,2023/12/8,11493.823515241085
19,2023/12/8,12955.253557105043
20,2023/12/8,258.3071863306871
21,2023/12/8,3298.9728835073724
22,2023/12/8,12950.413180903923
23,2023/12/8,4127.797097119253
24,2023/12/8,7055.866230868452
25,2023/12/8,49618.82577624487
26,2023/12/8,6994.703472
27,2023/12/8,6938.290543
28,2023/12/8,1849.3438266756448
29,2023/12/8,8125.813217628363
30,2023/12/8,5857.307372
31,2023/12/8,13903.52686342575
32,2023/12/8,3390.715484102992
34,2023/12/8,12058.233672273827
35,2023/12/8,33293.15988357345
36,2023/12/8,971.3964645875478
37,2023/12/8,945.7056636218226
38,2023/12/8,5085.650565767775
39,2023/12/8,3668.8577781612107
40,2023/12/8,4101.700886516308
41,2023/12/8,3002.778158
43,2023/12/8,5642.352626436676
44,2023/12/8,20544.18281384773
46,2023/12/8,2457.9025445306183
47,2023/12/8,46995.620078383494
48,2023/12/8,1027.757010231418
49,2023/12/8,7951.774601
51,2023/12/8,14495.414436545056
52,2023/12/8,5632.966800418204
53,2023/12/8,36594.529825852085
54,2023/12/8,13399.18725494876
55,2023/12/8,4842.179050672776
56,2023/12/8,2271.8073097549964
57,2023/12/8,12378.624330000752
58,2023/12/8,874.2502971508667
60,2023/12/8,73002.07408065803
61,2023/12/8,1537.657256136443
63,2023/12/8,3887.109656445457
66,2023/12/8,785.8954590704994
68,2023/12/8,1703.425207658286
1,2023/12/9,58874.44673193304
2,2023/12/9,12890.16056580741
3,2023/12/9,15073.465257275157
4,2023/12/9,31548.33359494415
5,2023/12/9,32164.379126361342
6,2023/12/9,42429.20180626938
7,2023/12/9,46900.05527075269
8,2023/12/9,46566.73676857404
9,2023/12/9,43364.39017690445
10,2023/12/9,44241.80056403408
12,2023/12/9,7200.721845963144
14,2023/12/9,1266.195813130292
15,2023/12/9,4523.638258
16,2023/12/9,3604.906479912137
17,2023/12/9,22969.301074496954
18,2023/12/9,11533.85100918986
19,2023/12/9,12919.754705367659
20,2023/12/9,309.21106776847614
21,2023/12/9,3303.394430753175
22,2023/12/9,12980.450702271444
23,2023/12/9,4125.465066467912
24,2023/12/9,7075.967717617656
25,2023/12/9,49575.83466499693
26,2023/12/9,7244.002456726297
27,2023/12/9,7184.641601007404
28,2023/12/9,1856.8610791122921
29,2023/12/9,7980.978595765066
30,2023/12/9,5918.619093303408
31,2023/12/9,13899.684123041136
32,2023/12/9,3411.740468371403
34,2023/12/9,12068.508825367846
35,2023/12/9,33324.76263249119
36,2023/12/9,990.0488502185801
37,2023/12/9,962.0330500142895
38,2023/12/9,5100.380963203321
39,2023/12/9,3654.793309869527
40,2023/12/9,4106.3950568355995
41,2023/12/9,3042.661207824486
43,2023/12/9,5673.218750174049
44,2023/12/9,20539.38671
46,2023/12/9,2461.485322308396
47,2023/12/9,46264.471922527584
48,2023/12/9,1052.9615251291973
49,2023/12/9,7944.040471
51,2023/12/9,14490.28604260566
52,2023/12/9,5618.299658668902
53,2023/12/9,36620.661722403805
54,2023/12/9,13392.661339969742
55,2023/12/9,4854.177602790426
56,2023/12/9,2224.9128486329155
57,2023/12/9,12431.667138921604
58,2023/12/9,825.0377136224389
60,2023/12/9,73073.27706
61,2023/12/9,1537.657256136443
63,2023/12/9,3884.337369732171
66,2023/12/9,782.2664759487474
68,2023/12/9,1710.9814170307618
1,2023/12/10,58874.44673193304
2,2023/12/10,12851.319861236056
3,2023/12/10,15091.98243
4,2023/12/10,31672.17104096736
5,2023/12/10,32395.401318727538
6,2023/12/10,43763.78407652058
7,2023/12/10,47936.66103482185
8,2023/12/10,47603.34253264321
9,2023/12/10,44630.507506666545
10,2023/12/10,45405.59796750949
12,2023/12/10,7274.952762
14,2023/12/10,1281.1884720993255
15,2023/12/10,4472.607477971662
16,2023/12/10,3535.825650571651
17,2023/12/10,22990.00476498163
18,2023/12/10,11586.562722661574
19,2023/12/10,12466.268697211428
20,2023/12/10,330.7532105416078
21,2023/12/10,3305.342669975474
22,2023/12/10,12980.450702271444
23,2023/12/10,4141.194378792842
24,2023/12/10,7112.287631080925
25,2023/12/10,49563.045590922855
26,2023/12/10,7270.819095636819
27,2023/12/10,7210.887791623405
28,2023/12/10,1875.0059213467975
29,2023/12/10,7857.370524270029
30,2023/12/10,5411.172265784765
31,2023/12/10,13894.233720110731
32,2023/12/10,3424.4817829232848
34,2023/12/10,12077.368415242443
35,2023/12/10,33324.76263249119
36,2023/12/10,1067.693101625189
37,2023/12/10,1092.5685377190641
38,2023/12/10,5132.312072672118
39,2023/12/10,3667.4131962213323
40,2023/12/10,4176.933612
41,2023/12/10,3106.186278532081
43,2023/12/10,5706.141971538032
44,2023/12/10,20515.25459975209
46,2023/12/10,2472.1550222786873
47,2023/12/10,45927.74561080239
48,2023/12/10,1075.3199593970471
49,2023/12/10,7890.922772937794
51,2023/12/10,14490.28604260566
52,2023/12/10,5602.457885336401
53,2023/12/10,36620.661722403805
54,2023/12/10,13433.36741920892
55,2023/12/10,4897.702972237651
56,2023/12/10,2229.3630536594123
57,2023/12/10,12431.667138921604
58,2023/12/10,818.7645876705775
60,2023/12/10,73366.23329175338
61,2023/12/10,1499.1713136529731
63,2023/12/10,3884.5437732409423
66,2023/12/10,803.8621923940823
68,2023/12/10,1714.729918113013
1,2023/12/11,58883.71503962536
2,2023/12/11,13036.78384872606
3,2023/12/11,15077.098507317052
4,2023/12/11,31764.338832551886
5,2023/12/11,33007.14773
6,2023/12/11,52793.57965
7,2023/12/11,58339.86866240743
8,2023/12/11,58055.33127133991
9,2023/12/11,55185.66057863571
10,2023/12/11,56063.07096576533
12,2023/12/11,6964.539746
14,2023/12/11,1342.9855066859034
15,2023/12/11,3948.2541758293037
16,2023/12/11,3609.7180132820567
17,2023/12/11,23001.247009502986
18,2023/12/11,11507.046529717114
19,2023/12/11,13033.272877304875
20,2023/12/11,389.4271441226807
21,2023/12/11,3067.6263086262534
22,2023/12/11,12950.413180903923
23,2023/12/11,4127.797097119253
24,2023/12/11,7389.407602
25,2023/12/11,49622.71540096814
26,2023/12/11,7060.353446152625
27,2023/12/11,7012.658262542271
28,2023/12/11,1861.221595
29,2023/12/11,8088.415133928472
30,2023/12/11,4689.629171641518
31,2023/12/11,13896.074727161551
32,2023/12/11,3574.459509091877
34,2023/12/11,12001.570397018164
35,2023/12/11,33324.76263249119
36,2023/12/11,968.9358835740861
37,2023/12/11,979.6021021527622
38,2023/12/11,6308.36312
39,2023/12/11,5490.469812078573
40,2023/12/11,5828.615853066452
41,2023/12/11,4860.066436198863
43,2023/12/11,7445.708644347633
44,2023/12/11,20565.53917760037
46,2023/12/11,2457.270625338699
47,2023/12/11,46543.667713435774
48,2023/12/11,1144.9318565547906
49,2023/12/11,7928.290446237034
51,2023/12/11,14502.618656086965
52,2023/12/11,5524.921694536471
53,2023/12/11,36566.28267412339
54,2023/12/11,13447.100341598974
55,2023/12/11,5134.648483
56,2023/12/11,2201.3641566466654
57,2023/12/11,12395.966128601482
58,2023/12/11,889.6454533091463
60,2023/12/11,73002.07408065803
61,2023/12/11,1485.241102107128
63,2023/12/11,3920.9834894568457
66,2023/12/11,882.1760660516434
68,2023/12/11,1805.957259843619
1,2023/12/12,58905.498005142596
2,2023/12/12,13025.007047031022
3,2023/12/12,15077.098507317052
4,2023/12/12,31858.917430435482
5,2023/12/12,33079.04328919155
6,2023/12/12,53218.975683806864
7,2023/12/12,58724.20472455571
8,2023/12/12,58439.66733348818
9,2023/12/12,55585.77419733845
10,2023/12/12,56463.18458446808
12,2023/12/12,6858.350941238721
14,2023/12/12,1387.6902781335225
15,2023/12/12,4337.526740557274
16,2023/12/12,3662.4702768336456
17,2023/12/12,23050.318034695956
18,2023/12/12,11500.198762040347
19,2023/12/12,12926.605730751584
20,2023/12/12,385.1342708782837
21,2023/12/12,3134.8289030341434
22,2023/12/12,12950.413180903923
23,2023/12/12,4127.797097119253
24,2023/12/12,7078.621386771162
25,2023/12/12,49675.06808278631
26,2023/12/12,6958.170998789844
27,2023/12/12,6905.992912506141
28,2023/12/12,1899.589013871932
29,2023/12/12,8059.006694095025
30,2023/12/12,4688.486839595545
31,2023/12/12,13903.549150293973
32,2023/12/12,3465.7812481616584
34,2023/12/12,11396.986254671823
35,2023/12/12,33345.359283902326
36,2023/12/12,962.0183558001785
37,2023/12/12,992.9253094
38,2023/12/12,6235.201360095399
39,2023/12/12,5018.468764212505
40,2023/12/12,5706.145645048818
41,2023/12/12,4777.542115564907
43,2023/12/12,7219.862539376976
44,2023/12/12,20565.53917760037
46,2023/12/12,2461.485322308396
47,2023/12/12,47693.46784047725
48,2023/12/12,1024.3320844669106
49,2023/12/12,7923.473079122601
51,2023/12/12,14506.123310407953
52,2023/12/12,5529.207247694216
53,2023/12/12,36680.788887086346
54,2023/12/12,12997.057892606439
55,2023/12/12,4827.364598754773
56,2023/12/12,2215.9204267466685
57,2023/12/12,12424.478951352805
58,2023/12/12,870.3615857
60,2023/12/12,73002.07408065803
61,2023/12/12,1100.8431523996753
63,2023/12/12,3865.4367660919393
66,2023/12/12,854.9419768695313
68,2023/12/12,1776.244396086367
1,2023/12/13,58905.498005142596
2,2023/12/13,12866.956712883099
3,2023/12/13,15077.098507317052
4,2023/12/13,31723.61312640618
5,2023/12/13,32365.17266
6,2023/12/13,45705.42015219801
7,2023/12/13,51149.216258846835
8,2023/12/13,50958.51747459055
9,2023/12/13,47007.70422344578
10,2023/12/13,49721.44389084585
12,2023/12/13,6646.5171009014675
14,2023/12/13,1391.8740701665045
15,2023/12/13,4506.199702610414
16,2023/12/13,3693.2107758308002
17,2023/12/13,23038.587502115246
18,2023/12/13,8288.367580165002
19,2023/12/13,9391.887185256102
20,2023/12/13,344.24718466425117
21,2023/12/13,3179.8857538905504
22,2023/12/13,12950.413180903923
23,2023/12/13,4127.797097119253
24,2023/12/13,6676.122597093021
25,2023/12/13,49814.39807740118
26,2023/12/13,5700.176629247756
27,2023/12/13,5645.528124027319
28,2023/12/13,1866.3656609289853
29,2023/12/13,7834.853567552222
30,2023/12/13,4624.300395448336
31,2023/12/13,13889.828358517487
32,2023/12/13,2984.7707391514577
34,2023/12/13,10071.063946056805
35,2023/12/13,33345.359283902326
36,2023/12/13,890.1855058499117
37,2023/12/13,964.1746628453606
38,2023/12/13,4775.285200720644
39,2023/12/13,2771.417088699386
40,2023/12/13,3533.5022765591634
41,2023/12/13,2420.7269380401262
43,2023/12/13,4582.002931651651
44,2023/12/13,20506.75057779277
46,2023/12/13,2461.485322308396
47,2023/12/13,47763.24149508751
48,2023/12/13,782.5829858817118
49,2023/12/13,7912.854502
51,2023/12/13,14500.288387162338
52,2023/12/13,5528.510798680267
53,2023/12/13,36652.917775975235
54,2023/12/13,12241.404001653564
55,2023/12/13,4204.001894744182
56,2023/12/13,1994.774707995684
57,2023/12/13,12378.130783924129
58,2023/12/13,844.4227178148774
60,2023/12/13,73002.07408065803
61,2023/12/13,964.3969642
63,2023/12/13,3677.3086803207584
66,2023/12/13,732.0184939690239
68,2023/12/13,1667.4291565307367
1,2023/12/14,58128.15746679841
2,2023/12/14,12527.340855579787
3,2023/12/14,14858.441961674935
4,2023/12/14,28436.009112959844
5,2023/12/14,28924.39176267217
6,2023/12/14,40124.75454329178
7,2023/12/14,45383.357373616534
8,2023/12/14,45624.799189317215
9,2023/12/14,40910.30880451121
10,2023/12/14,45892.95504249821
12,2023/12/14,6437.009934073264
14,2023/12/14,1403.8203153907677
15,2023/12/14,4467.818848386724
16,2023/12/14,3506.6948731471048
17,2023/12/14,22745.59417798509
18,2023/12/14,7866.551642859544
19,2023/12/14,8727.892360681513
20,2023/12/14,342.07644930040556
21,2023/12/14,3136.1913000095865
22,2023/12/14,12785.314676416743
23,2023/12/14,4127.797097119253
24,2023/12/14,6545.055868108812
25,2023/12/14,49783.31845923812
26,2023/12/14,4614.821942772761
27,2023/12/14,4546.914613
28,2023/12/14,1783.816406738812
29,2023/12/14,7727.380485436809
30,2023/12/14,4759.668080478334
31,2023/12/14,13895.225722593384
32,2023/12/14,2765.2454357089255
34,2023/12/14,9792.091841725469
35,2023/12/14,33345.359283902326
36,2023/12/14,863.5685647
37,2023/12/14,944.5348669549326
38,2023/12/14,4504.439720222555
39,2023/12/14,2370.947449325621
40,2023/12/14,3140.105199228381
41,2023/12/14,1937.4223572653807
43,2023/12/14,3980.4148733652864
44,2023/12/14,19989.636111599622
46,2023/12/14,2461.485322308396
47,2023/12/14,47400.59225365081
48,2023/12/14,759.8853039479648
49,2023/12/14,7865.881791448143
51,2023/12/14,14429.725558879512
52,2023/12/14,5341.410340896182
53,2023/12/14,36683.23015031386
54,2023/12/14,11635.634900001909
55,2023/12/14,4119.8046550114295
56,2023/12/14,1619.9965354120673
57,2023/12/14,10435.81603519352
58,2023/12/14,841.1067741
60,2023/12/14,73002.07408065803
61,2023/12/14,808.9934552133011
63,2023/12/14,3665.7181310783344
66,2023/12/14,699.4942183416086
68,2023/12/14,1644.7608680287087
1,2023/12/15,56936.49641652651
2,2023/12/15,11433.922317621711
3,2023/12/15,13876.159245450266
4,2023/12/15,26986.29359903264
5,2023/12/15,27381.477074604747
6,2023/12/15,36750.71340597814
7,2023/12/15,41414.33416
8,2023/12/15,42149.44673716735
9,2023/12/15,36588.00084280653
10,2023/12/15,43774.95311337741
12,2023/12/15,6471.102200294373
14,2023/12/15,1422.3045027580645
15,2023/12/15,4470.337876554893
16,2023/12/15,3139.2318637793815
17,2023/12/15,22541.032557419225
18,2023/12/15,7264.521828373531
19,2023/12/15,8079.420733053046
20,2023/12/15,345.00547067646073
21,2023/12/15,3306.724595481562
22,2023/12/15,12666.561710440654
23,2023/12/15,4127.797097119253
24,2023/12/15,6491.421502343367
25,2023/12/15,49460.85585673603
26,2023/12/15,4008.8664280279177
27,2023/12/15,3943.333010985003
28,2023/12/15,1657.8707038909643
29,2023/12/15,7714.681536628382
30,2023/12/15,5614.243551611649
31,2023/12/15,13891.895925827648
32,2023/12/15,2711.5034243923023
34,2023/12/15,9966.593015420318
35,2023/12/15,33345.359283902326
36,2023/12/15,940.5521347586215
37,2023/12/15,1050.9086227601952
38,2023/12/15,4529.554884995807
39,2023/12/15,2320.8867053715067
40,2023/12/15,3119.766675687381
41,2023/12/15,1856.821367
43,2023/12/15,3885.100671134006
44,2023/12/15,19916.942380916706
46,2023/12/15,2461.485322308396
47,2023/12/15,47118.30481337756
48,2023/12/15,758.7040899722205
49,2023/12/15,7806.351305840849
51,2023/12/15,14283.945317471149
52,2023/12/15,5371.197977767181
53,2023/12/15,36660.98325833855
54,2023/12/15,11659.357183944197
55,2023/12/15,4115.993865698566
56,2023/12/15,1601.917270433568
57,2023/12/15,9684.511639994083
58,2023/12/15,836.1951007377029
60,2023/12/15,73002.07408065803
61,2023/12/15,793.0456905459257
63,2023/12/15,3654.755216979361
66,2023/12/15,694.3781559207309
68,2023/12/15,1644.7608680287087
1,2023/12/16,56623.61987732722
2,2023/12/16,10482.786900088355
3,2023/12/16,13024.22642523781
4,2023/12/16,24270.081438548197
5,2023/12/16,24522.992313585448
6,2023/12/16,33627.982913102736
7,2023/12/16,38397.359673677536
8,2023/12/16,39525.55794352849
9,2023/12/16,32185.91260801339
10,2023/12/16,42274.92683444494
12,2023/12/16,6585.765217
14,2023/12/16,1423.6357678540762
15,2023/12/16,4439.28475
16,2023/12/16,3075.047600112041
17,2023/12/16,22485.85636838733
18,2023/12/16,7230.903179738835
19,2023/12/16,7858.312826699948
20,2023/12/16,347.31624390306536
21,2023/12/16,3255.665584706487
22,2023/12/16,12696.599231808177
23,2023/12/16,4125.465066467912
24,2023/12/16,6525.438548358476
25,2023/12/16,49347.45000146741
26,2023/12/16,4330.696196702484
27,2023/12/16,4259.403727807717
28,2023/12/16,1531.2258080426247
29,2023/12/16,7619.741657681543
30,2023/12/16,5542.340887986645
31,2023/12/16,13888.053185443034
32,2023/12/16,2613.5871853901745
34,2023/12/16,9959.716626786982
35,2023/12/16,33345.359283902326
36,2023/12/16,638.8546796766504
37,2023/12/16,745.6690330726575
38,2023/12/16,4554.112013838407
39,2023/12/16,2324.981784850079
40,2023/12/16,3165.1882396044884
41,2023/12/16,1904.8492732819818
43,2023/12/16,3920.852333700941
44,2023/12/16,19870.65579690979
46,2023/12/16,2461.485322308396
47,2023/12/16,46122.78906597635
48,2023/12/16,764.5704636815808
49,2023/12/16,7776.349000754097
51,2023/12/16,14278.816923531753
52,2023/12/16,5360.923192920238
53,2023/12/16,36597.29724677941
54,2023/12/16,11610.050078047783
55,2023/12/16,4123.590782397138
56,2023/12/16,1580.2003845813524
57,2023/12/16,9665.017630592167
58,2023/12/16,778.9839107313975
60,2023/12/16,72942.57999724438
61,2023/12/16,790.8795844968821
63,2023/12/16,3654.3043987975434
66,2023/12/16,693.6497135926887
68,2023/12/16,1653.2315781692337
1,2023/12/17,56623.61987732722
2,2023/12/17,10314.80893
3,2023/12/17,12868.766592609112
4,2023/12/17,23673.900577617664
5,2023/12/17,23958.76723
6,2023/12/17,32859.42490544354
7,2023/12/17,37737.142520079426
8,2023/12/17,38953.73809296068
9,2023/12/17,31179.768197684338
10,2023/12/17,42045.69706216066
12,2023/12/17,6669.399084691447
14,2023/12/17,1416.6603483343729
15,2023/12/17,4360.715002126661
16,2023/12/17,2981.740697468405
17,2023/12/17,22450.953131746006
18,2023/12/17,7273.084610903352
19,2023/12/17,7466.029568881464
20,2023/12/17,183.0011431707045
21,2023/12/17,3253.771810721315
22,2023/12/17,12696.599231808177
23,2023/12/17,4141.194378792842
24,2023/12/17,6577.328286545759
25,2023/12/17,49289.88284097358
26,2023/12/17,4380.567750605405
27,2023/12/17,4302.675639700523
28,2023/12/17,1464.7166863516716
29,2023/12/17,7546.704394306452
30,2023/12/17,4994.570742051956
31,2023/12/17,13882.602782512631
32,2023/12/17,2612.8253784894387
34,2023/12/17,9999.527538
35,2023/12/17,33345.359283902326
36,2023/12/17,619.9841334891826
37,2023/12/17,718.1713013007849
38,2023/12/17,4537.721186
39,2023/12/17,2306.2912153947123
40,2023/12/17,3203.3583543368118
41,2023/12/17,1897.4887894648418
43,2023/12/17,3949.690052745922
44,2023/12/17,19846.52369029418
46,2023/12/17,2472.1550222786873
47,2023/12/17,45776.724119330516
48,2023/12/17,756.8338041131483
49,2023/12/17,7689.170320674256
51,2023/12/17,14278.816923531753
52,2023/12/17,5338.048873291438
53,2023/12/17,36539.34284986913
54,2023/12/17,11723.05124717244
55,2023/12/17,4126.020087564767
56,2023/12/17,1607.8622176492172
57,2023/12/17,9608.787603
58,2023/12/17,768.1604210578842
60,2023/12/17,72620.60183210815
61,2023/12/17,789.5511931700125
63,2023/12/17,3660.8253511784956
66,2023/12/17,721.6497127154686
68,2023/12/17,1657.2419591962525
1,2023/12/18,56632.88818501953
2,2023/12/18,10491.535656837852
3,2023/12/18,12766.514529189311
4,2023/12/18,22828.71949
5,2023/12/18,23004.98759463306
6,2023/12/18,31907.657079682394
7,2023/12/18,36484.94083476526
8,2023/12/18,37733.27145650467
9,2023/12/18,29691.955254929024
10,2023/12/18,41322.81853973814
12,2023/12/18,6420.395616303419
14,2023/12/18,1455.3928636368132
15,2023/12/18,3902.612752436634
16,2023/12/18,3013.402128949482
17,2023/12/18,22451.20278543726
18,2023/12/18,7088.760779163156
19,2023/12/18,7914.007496849326
20,2023/12/18,129.03277063343265
21,2023/12/18,2974.565610446277
22,2023/12/18,12666.561710440654
23,2023/12/18,4127.797097119253
24,2023/12/18,6425.977181529315
25,2023/12/18,49437.93533222183
26,2023/12/18,3985.9769550882456
27,2023/12/18,3925.9874263449387
28,2023/12/18,1436.5985713420343
29,2023/12/18,8027.451835814339
30,2023/12/18,4319.215368866453
31,2023/12/18,13890.770370671999
32,2023/12/18,2668.871345450993
34,2023/12/18,9826.814383637915
35,2023/12/18,33345.359283902326
36,2023/12/18,656.1956054640796
37,2023/12/18,700.4331601631508
38,2023/12/18,4525.668541418076
39,2023/12/18,2330.1263759873227
40,2023/12/18,3108.114043016397
41,2023/12/18,1804.1908953734646
43,2023/12/18,3929.0323642013695
44,2023/12/18,19931.656563920027
46,2023/12/18,2457.270625338699
47,2023/12/18,46376.064461707145
48,2023/12/18,753.6493062768858
49,2023/12/18,7736.103701317647
51,2023/12/18,14291.149537013061
52,2023/12/18,5274.540893033448
53,2023/12/18,36421.635591669496
54,2023/12/18,11818.325732146883
55,2023/12/18,4202.985220973026
56,2023/12/18,1666.3617033325304
57,2023/12/18,9576.934386
58,2023/12/18,869.0262671217221
60,2023/12/18,72004.80051071868
61,2023/12/18,803.2147708210724
63,2023/12/18,3651.406330240392
66,2023/12/18,702.4888822934349
68,2023/12/18,1645.8987364497614
1,2023/12/19,56654.67115053677
2,2023/12/19,10345.657336571187
3,2023/12/19,12620.636208922648
4,2023/12/19,22313.228682934936
5,2023/12/19,22347.92093507882
6,2023/12/19,31360.83872524807
7,2023/12/19,35942.422313841715
8,2023/12/19,37268.01552546454
9,2023/12/19,29035.602725147684
10,2023/12/19,41333.91258175419
12,2023/12/19,6430.565396177732
14,2023/12/19,1451.438709612007
15,2023/12/19,4247.504043932178
16,2023/12/19,3003.3014680231217
17,2023/12/19,22534.462358134257
18,2023/12/19,7085.655112
19,2023/12/19,7671.550142027107
20,2023/12/19,127.23898132089332
21,2023/12/19,3026.348400107372
22,2023/12/19,12666.561710440654
23,2023/12/19,4127.797097119253
24,2023/12/19,6392.360650168145
25,2023/12/19,49507.10201404001
26,2023/12/19,3980.050526516817
27,2023/12/19,3919.7824409408154
28,2023/12/19,1427.3382318675726
29,2023/12/19,8064.959139889598
30,2023/12/19,4624.116133019844
31,2023/12/19,13910.804341423469
32,2023/12/19,2664.2896146183575
34,2023/12/19,9822.247737
35,2023/12/19,33345.359283902326
36,2023/12/19,660.7238184429036
37,2023/12/19,702.9236921856337
38,2023/12/19,4530.398416162848
39,2023/12/19,2333.1209593206563
40,2023/12/19,3126.293132109216
41,2023/12/19,1799.9504625184636
43,2023/12/19,3905.612165057161
44,2023/12/19,19931.656563920027
46,2023/12/19,2461.485322308396
47,2023/12/19,47493.76837743821
48,2023/12/19,737.5562756
49,2023/12/19,7764.042543777468
51,2023/12/19,14294.65419133405
52,2023/12/19,5280.638298043045
53,2023/12/19,36463.96572423629
54,2023/12/19,11802.951274906301
55,2023/12/19,4197.537293971922
56,2023/12/19,1655.793552977988
57,2023/12/19,9576.934386
58,2023/12/19,859.3327518570894
60,2023/12/19,72004.80051071868
61,2023/12/19,792.6821487
63,2023/12/19,3657.4078117218737
66,2023/12/19,702.4888822934349
68,2023/12/19,1645.8987364497614
1,2023/12/20,56654.67115053677
2,2023/12/20,10240.51593499257
3,2023/12/20,12601.841443364248
4,2023/12/20,22260.880992458744
5,2023/12/20,22250.896751745488
6,2023/12/20,31161.77231419458
7,2023/12/20,35731.87070452602
8,2023/12/20,37070.12106
9,2023/12/20,28689.01039678092
10,2023/12/20,41318.04906346788
12,2023/12/20,6434.146113197844
14,2023/12/20,1453.8854260242495
15,2023/12/20,4456.158280476825
16,2023/12/20,2992.8666124080314
17,2023/12/20,22543.84248885321
18,2023/12/20,7073.980980368376
19,2023/12/20,7631.941245144531
20,2023/12/20,125.20008896597152
21,2023/12/20,3014.6158716553214
22,2023/12/20,12666.561710440654
23,2023/12/20,4127.797097119253
24,2023/12/20,6387.327797155173
25,2023/12/20,49520.45753
26,2023/12/20,3932.878060426985
27,2023/12/20,3861.4607271565146
28,2023/12/20,1397.1397875110886
29,2023/12/20,7850.437152279179
30,2023/12/20,4619.499694553989
31,2023/12/20,13899.445184335345
32,2023/12/20,2606.998095796313
34,2023/12/20,9812.642520736654
35,2023/12/20,33345.359283902326
36,2023/12/20,676.7635097
37,2023/12/20,706.6901322285686
38,2023/12/20,4510.029491272855
39,2023/12/20,2304.9090959526607
40,2023/12/20,3141.758001810236
41,2023/12/20,1764.0900054849515
43,2023/12/20,3886.4385135385496
44,2023/12/20,19934.74628614225
46,2023/12/20,2461.485322308396
47,2023/12/20,47536.386184107236
48,2023/12/20,732.8948358081183
49,2023/12/20,7764.358434960358
51,2023/12/20,14288.819268088433
52,2023/12/20,5282.763449558197
53,2023/12/20,36455.72619645851
54,2023/12/20,11629.766930678239
55,2023/12/20,4110.686788816739
56,2023/12/20,1597.3574055149834
57,2023/12/20,9576.934386
58,2023/12/20,844.1301489324738
60,2023/12/20,71967.52774977591
61,2023/12/20,792.6821487
63,2023/12/20,3661.0521833659163
66,2023/12/20,699.5305177659048
68,2023/12/20,1648.931005113846
1,2023/12/21,56654.67115053677
2,2023/12/21,10125.74558863714
3,2023/12/21,12541.56395837944
4,2023/12/21,22252.42705871133
5,2023/12/21,22219.952253624175
6,2023/12/21,31111.499759237635
7,2023/12/21,35669.09137080867
8,2023/12/21,37021.198534451694
9,2023/12/21,28610.33507576286
10,2023/12/21,41276.39838530696
12,2023/12/21,6438.503402086732
14,2023/12/21,1453.2127910743393
15,2023/12/21,4466.628526492954
16,2023/12/21,3009.6738756988193
17,2023/12/21,22512.555304588197
18,2023/12/21,7064.336804735984
19,2023/12/21,7557.540824305422
20,2023/12/21,118.1908121749806
21,2023/12/21,3017.185076228939
22,2023/12/21,12666.561710440654
23,2023/12/21,4127.797097119253
24,2023/12/21,6407.873732586553
25,2023/12/21,49548.47841405257
26,2023/12/21,3941.9318142227066
27,2023/12/21,3874.129178674803
28,2023/12/21,1392.4446851874195
29,2023/12/21,7744.075570163765
30,2023/12/21,4725.5796067261645
31,2023/12/21,13898.377261054922
32,2023/12/21,2581.253796268132
34,2023/12/21,9820.650466388828
35,2023/12/21,33345.359283902326
36,2023/12/21,669.6669638445809
37,2023/12/21,702.7188210128643
38,2023/12/21,4515.563266375676
39,2023/12/21,2304.9090959526607
40,2023/12/21,3152.3359105639774
41,2023/12/21,1742.0495101421673
43,2023/12/21,3891.208327
44,2023/12/21,19909.48758033417
46,2023/12/21,2461.1098664679403
47,2023/12/21,47229.74820774991
48,2023/12/21,732.5486903974903
49,2023/12/21,7761.178063626137
51,2023/12/21,14292.314226421766
52,2023/12/21,5286.871785822315
53,2023/12/21,36461.39825850758
54,2023/12/21,11635.099893641202
55,2023/12/21,4039.769384676711
56,2023/12/21,1597.7173986349935
57,2023/12/21,9543.875341420482
58,2023/12/21,842.7507129970285
60,2023/12/21,71967.52774977591
61,2023/12/21,790.7161037815496
63,2023/12/21,3661.0521833659163
66,2023/12/21,696.7149753995604
68,2023/12/21,1648.2803384471792
1,2023/12/22,56654.67115053677
2,2023/12/22,10130.58923609506
3,2023/12/22,12554.504067311902
4,2023/12/22,22221.32055328349
5,2023/12/22,22212.942590925762
6,2023/12/22,31100.651164090763
7,2023/12/22,35568.73248551394
8,2023/12/22,36920.839649156966
9,2023/12/22,28462.63450783723
10,2023/12/22,41231.90206
12,2023/12/22,6472.595668307841
14,2023/12/22,1448.8662896538128
15,2023/12/22,4487.594093357285
16,2023/12/22,3033.7960273908457
17,2023/12/22,22452.65269902911
18,2023/12/22,7052.161455763062
19,2023/12/22,7479.923962113555
20,2023/12/22,111.97384768988861
21,2023/12/22,3228.873403696203
22,2023/12/22,12666.561710440654
23,2023/12/22,4127.797097119253
24,2023/12/22,6402.0887133557835
25,2023/12/22,49466.65228942834
26,2023/12/22,3955.1872983409535
27,2023/12/22,3887.7417400877357
28,2023/12/22,1396.0694519056328
29,2023/12/22,7734.112641557359
30,2023/12/22,5612.492825
31,2023/12/22,13891.895925827648
32,2023/12/22,2611.9332409101853
34,2023/12/22,10049.21135
35,2023/12/22,33345.359283902326
36,2023/12/22,631.6597724475488
37,2023/12/22,673.5242776802032
38,2023/12/22,4540.000388820886
39,2023/12/22,2305.168762619327
40,2023/12/22,3156.065505
41,2023/12/22,1815.9541676914234
43,2023/12/22,3895.6075648415913
44,2023/12/22,19875.451904389818
46,2023/12/22,2466.3618777023094
47,2023/12/22,47084.36869345537
48,2023/12/22,733.6247720566666
49,2023/12/22,7756.894789947891
51,2023/12/22,14287.440275804483
52,2023/12/22,5369.882556891761
53,2023/12/22,36452.93129708782
54,2023/12/22,11708.356108401356
55,2023/12/22,4022.2208740769274
56,2023/12/22,1607.331963
57,2023/12/22,9549.416741014802
58,2023/12/22,831.4243561241371
60,2023/12/22,71967.52774977591
61,2023/12/22,786.0591452970767
63,2023/12/22,3654.755216979361
66,2023/12/22,693.5458485133236
68,2023/12/22,1649.0530307548715
1,2023/12/23,56623.61987732722
2,2023/12/23,10033.477981722886
3,2023/12/23,12539.74778526062
4,2023/12/23,22373.270883767815
5,2023/12/23,22364.89292141009
6,2023/12/23,31036.82601944554
7,2023/12/23,35427.743036507054
8,2023/12/23,36779.85020015009
9,2023/12/23,28342.97447549701
10,2023/12/23,41113.49092627306
12,2023/12/23,6587.258685399088
14,2023/12/23,1422.8557810725529
15,2023/12/23,4455.746973819076
16,2023/12/23,3058.940265151542
17,2023/12/23,22440.162097557528
18,2023/12/23,7101.154010986347
19,2023/12/23,7484.225157
20,2023/12/23,101.49628449316761
21,2023/12/23,3234.557106680604
22,2023/12/23,12696.599231808177
23,2023/12/23,4125.465066467912
24,2023/12/23,6440.624240677015
25,2023/12/23,49329.38777924519
26,2023/12/23,4335.4247223609655
27,2023/12/23,4262.498669088588
28,2023/12/23,1411.6501221981202
29,2023/12/23,7684.361074229344
30,2023/12/23,5556.310734499486
31,2023/12/23,13894.035301183776
32,2023/12/23,2601.4606391987863
34,2023/12/23,10250.786969502637
35,2023/12/23,33345.359283902326
36,2023/12/23,607.3115549726185
37,2023/12/23,679.5356901557624
38,2023/12/23,4591.416078373009
39,2023/12/23,2339.801704239739
40,2023/12/23,3233.6951570599595
41,2023/12/23,1868.424264
43,2023/12/23,3928.025715762679
44,2023/12/23,19870.65579690979
46,2023/12/23,2475.578528924852
47,2023/12/23,46746.81965772666
48,2023/12/23,739.5487226680523
49,2023/12/23,7755.244390678597
51,2023/12/23,14282.31188186509
52,2023/12/23,5359.911956117824
53,2023/12/23,36408.395003881764
54,2023/12/23,11737.035354643362
55,2023/12/23,4037.646222232931
56,2023/12/23,1633.479128445893
57,2023/12/23,9555.260035090008
58,2023/12/23,768.1393546777248
60,2023/12/23,72038.73072596638
61,2023/12/23,786.2098503235317
63,2023/12/23,3654.916821874467
66,2023/12/23,694.3569272895653
68,2023/12/23,1662.5809862446279
1,2023/12/24,56623.61987732722
2,2023/12/24,10153.029471424019
3,2023/12/24,12567.314246275448
4,2023/12/24,22398.356670415807
5,2023/12/24,22411.12230594168
6,2023/12/24,30980.786389695357
7,2023/12/24,35383.056256331045
8,2023/12/24,36724.614329064985
9,2023/12/24,28332.617532615506
10,2023/12/24,41113.49092627306
12,2023/12/24,7072.605650927145
14,2023/12/24,1417.6796157783817
15,2023/12/24,4357.782275255095
16,2023/12/24,3033.6059286818477
17,2023/12/24,22462.278811007105
18,2023/12/24,7145.115000404337
19,2023/12/24,7106.735838968001
20,2023/12/24,102.46352440509881
21,2023/12/24,3268.5047380079986
22,2023/12/24,12696.599231808177
23,2023/12/24,4141.194378792842
24,2023/12/24,6573.252955665683
25,2023/12/24,49289.88284097358
26,2023/12/24,4414.628224
27,2023/12/24,4348.593924838865
28,2023/12/24,1436.5390718682604
29,2023/12/24,7849.312247109099
30,2023/12/24,5072.279632068566
31,2023/12/24,13888.69315582913
32,2023/12/24,2670.288672
34,2023/12/24,10526.991830553889
35,2023/12/24,33345.359283902326
36,2023/12/24,617.7371136967284
37,2023/12/24,712.5319432820148
38,2023/12/24,4622.741355333244
39,2023/12/24,2368.373982234354
40,2023/12/24,3266.7022511988994
41,2023/12/24,1922.160162878366
43,2023/12/24,3975.6699500193386
44,2023/12/24,19857.66089808639
46,2023/12/24,2500.718139029837
47,2023/12/24,47305.90736635281
48,2023/12/24,735.6657029306992
49,2023/12/24,7699.887701865866
51,2023/12/24,14282.31188186509
52,2023/12/24,5368.791044
53,2023/12/24,36363.43994
54,2023/12/24,11907.637915157085
55,2023/12/24,4177.718136420935
56,2023/12/24,1710.563619619087
57,2023/12/24,9542.087833753334
58,2023/12/24,761.9450568179024
60,2023/12/24,72331.68696087126
61,2023/12/24,786.0120654232467
63,2023/12/24,3662.976821874467
66,2023/12/24,757.1913177284476
68,2023/12/24,1668.1800599678395
1,2023/12/25,56632.88818501953
2,2023/12/25,10376.314198495167
3,2023/12/25,12493.579712768418
4,2023/12/25,22219.147567581545
5,2023/12/25,22209.355804822433
6,2023/12/25,30980.786389695357
7,2023/12/25,35381.17234
8,2023/12/25,36708.873604288485
9,2023/12/25,28292.27803932049
10,2023/12/25,41056.304981828616
12,2023/12/25,7000.8647948951075
14,2023/12/25,1459.1615623673717
15,2023/12/25,3964.7594295739555
16,2023/12/25,3082.9775315896263
17,2023/12/25,22455.66719
18,2023/12/25,7069.990629
19,2023/12/25,7656.789517090327
20,2023/12/25,116.29443511986494
21,2023/12/25,3052.9718198827313
22,2023/12/25,12666.561710440654
23,2023/12/25,4127.797097119253
24,2023/12/25,6424.742267608963
25,2023/12/25,49479.31173
26,2023/12/25,4028.9777619386814
27,2023/12/25,3996.0998498641356
28,2023/12/25,1425.1182940993224
29,2023/12/25,8379.950296565556
30,2023/12/25,4588.573922699091
31,2023/12/25,13900.566279409097
32,2023/12/25,2793.4132717230646
34,2023/12/25,10508.375100990166
35,2023/12/25,33345.359283902326
36,2023/12/25,761.8971872997886
37,2023/12/25,909.7496842720764
38,2023/12/25,4644.8718767835835
39,2023/12/25,2402.927932636141
40,2023/12/25,3222.0049679325025
41,2023/12/25,1997.0474348238406
43,2023/12/25,3954.069845292773
44,2023/12/25,19955.32062885509
46,2023/12/25,2518.449112
47,2023/12/25,48463.18289943003
48,2023/12/25,744.5866223661558
49,2023/12/25,7772.634295
51,2023/12/25,14291.149537013061
52,2023/12/25,5305.957498886374
53,2023/12/25,36258.99533110603
54,2023/12/25,12000.02866455439
55,2023/12/25,4355.322691605647
56,2023/12/25,1823.075516292593
57,2023/12/25,9464.524907
58,2023/12/25,871.1599450768637
60,2023/12/25,71967.52774977591
61,2023/12/25,802.1214594
63,2023/12/25,3769.456175
66,2023/12/25,754.0182674286862
68,2023/12/25,1664.5358637338054
1,2023/12/26,56654.67115053677
2,2023/12/26,10346.445852402661
3,2023/12/26,12473.323700009247
4,2023/12/26,22241.830609909586
5,2023/12/26,22209.355804822433
6,2023/12/26,30980.786389695357
7,2023/12/26,35431.01799617573
8,2023/12/26,36758.71926335411
9,2023/12/26,28311.288115948842
10,2023/12/26,41092.16151
12,2023/12/26,7018.487991436086
14,2023/12/26,1459.1615623673717
15,2023/12/26,4418.2877831159285
16,2023/12/26,3064.7145370717817
17,2023/12/26,22543.832388351493
18,2023/12/26,7072.5524149599005
19,2023/12/26,7646.7670663373765
20,2023/12/26,109.49839603950663
21,2023/12/26,3105.0795881763047
22,2023/12/26,12666.561710440654
23,2023/12/26,4127.797097119253
24,2023/12/26,6463.996055
25,2023/12/26,49548.47841405257
26,2023/12/26,4028.9777619386814
27,2023/12/26,3996.0998498641356
28,2023/12/26,1414.8611004051088
29,2023/12/26,8401.691936644487
30,2023/12/26,4898.810180609498
31,2023/12/26,13924.366115901306
32,2023/12/26,2741.993556974187
34,2023/12/26,10472.026705925582
35,2023/12/26,33345.359283902326
36,2023/12/26,735.5321277510864
37,2023/12/26,886.2370990019081
38,2023/12/26,4644.481391159966
39,2023/12/26,2405.9225159694743
40,2023/12/26,3230.5143091856853
41,2023/12/26,1997.1755036069092
43,2023/12/26,3931.008311
44,2023/12/26,19892.313235599224
46,2023/12/26,2916.244391364834
47,2023/12/26,50001.64844795991
48,2023/12/26,747.7823783574412
49,2023/12/26,7785.317753183785
51,2023/12/26,14294.65419133405
52,2023/12/26,5322.280773
53,2023/12/26,36429.02940396882
54,2023/12/26,12008.555766186124
55,2023/12/26,4282.539425061403
56,2023/12/26,1817.5089762897212
57,2023/12/26,9450.201464
58,2023/12/26,864.1811078260382
60,2023/12/26,71967.52774977591
61,2023/12/26,792.5484042358545
63,2023/12/26,3775.4576565681723
66,2023/12/26,753.0515927063498
68,2023/12/26,1664.5358637338054
1,2023/12/27,56654.67115053677
2,2023/12/27,10262.881316382443
3,2023/12/27,12473.323700009247
4,2023/12/27,22226.812372649776
5,2023/12/27,22194.33756756262
6,2023/12/27,30980.786389695357
7,2023/12/27,35431.01799617573
8,2023/12/27,36758.71926335411
9,2023/12/27,28311.288115948842
10,2023/12/27,41092.16151
12,2023/12/27,7020.277960771012
14,2023/12/27,1461.9367270554762
15,2023/12/27,4672.363290948071
16,2023/12/27,3043.796159800451
17,2023/12/27,22529.06811731092
18,2023/12/27,7042.626535357038
19,2023/12/27,7533.0179793558655
20,2023/12/27,100.94524960583007
21,2023/12/27,3094.903393057588
22,2023/12/27,12666.561710440654
23,2023/12/27,4127.797097119253
24,2023/12/27,6229.105017524239
25,2023/12/27,49548.47841405257
26,2023/12/27,3973.785445
27,2023/12/27,3932.2134714588897
28,2023/12/27,1378.054365843738
29,2023/12/27,8207.806641
30,2023/12/27,4892.677992418061
31,2023/12/27,13916.216958813184
32,2023/12/27,2678.6775451081694
34,2023/12/27,10443.060979150063
35,2023/12/27,33345.359283902326
36,2023/12/27,729.8942093942794
37,2023/12/27,874.4498509675311
38,2023/12/27,4625.809400495169
39,2023/12/27,2377.7106526014795
40,2023/12/27,3233.5242665034275
41,2023/12/27,1985.5081952917676
43,2023/12/27,3918.8189539444325
44,2023/12/27,19886.60103862953
46,2023/12/27,3179.509300481526
47,2023/12/27,49046.63044
48,2023/12/27,748.4364396438107
49,2023/12/27,7762.98647
51,2023/12/27,14292.314226421766
52,2023/12/27,5324.405924939741
53,2023/12/27,36429.02940396882
54,2023/12/27,11788.749565370354
55,2023/12/27,4130.181836936283
56,2023/12/27,1756.8431183794044
57,2023/12/27,9450.201464
58,2023/12/27,858.7413015
60,2023/12/27,71967.52774977591
61,2023/12/27,792.5484042358545
63,2023/12/27,3786.394668179135
66,2023/12/27,750.3202281788197
68,2023/12/27,1664.0486619794194
1,2023/12/28,56654.67115053677
2,2023/12/28,10187.865272190475
3,2023/12/28,12473.323700009247
4,2023/12/28,22209.907822385227
5,2023/12/28,22194.33756756262
6,2023/12/28,30980.786389695357
7,2023/12/28,35374.81904889252
8,2023/12/28,36716.37712162646
9,2023/12/28,28311.288115948842
10,2023/12/28,41092.16151
12,2023/12/28,7026.242718795704
14,2023/12/28,1471.4410534973374
15,2023/12/28,4632.5007243114205
16,2023/12/28,3028.191082
17,2023/12/28,22481.370130090243
18,2023/12/28,7038.130931454768
19,2023/12/28,7403.008114786737
20,2023/12/28,95.14125261384612
21,2023/12/28,3097.409467
22,2023/12/28,12666.561710440654
23,2023/12/28,4127.797097119253
24,2023/12/28,6102.656395
25,2023/12/28,49533.09838318838
26,2023/12/28,3961.683972146667
27,2023/12/28,3920.111998324857
28,2023/12/28,1373.5547512422233
29,2023/12/28,8056.149552176447
30,2023/12/28,4958.7836691893735
31,2023/12/28,13915.14903553276
32,2023/12/28,2652.8892428217973
34,2023/12/28,10434.14364960461
35,2023/12/28,33345.359283902326
36,2023/12/28,710.0523128568852
37,2023/12/28,875.2588085741606
38,2023/12/28,4624.236958492726
39,2023/12/28,2381.301110032937
40,2023/12/28,3248.5571752571686
41,2023/12/28,1967.177897649938
43,2023/12/28,3918.5864390278307
44,2023/12/28,19861.342332821452
46,2023/12/28,3177.896348510252
47,2023/12/28,46367.99735468977
48,2023/12/28,744.1363859183494
49,2023/12/28,7727.550475301915
51,2023/12/28,14292.314226421766
52,2023/12/28,5320.686535
53,2023/12/28,36415.23068571486
54,2023/12/28,11731.992275437313
55,2023/12/28,4077.6246378915607
56,2023/12/28,1695.9560933739267
57,2023/12/28,9450.201464
58,2023/12/28,857.3114915312342
60,2023/12/28,71967.52774977591
61,2023/12/28,790.5823593371051
63,2023/12/28,3804.621028
66,2023/12/28,747.5046858124753
68,2023/12/28,1663.3979953127528
1,2023/12/29,56654.67115053677
2,2023/12/29,10186.489612289086
3,2023/12/29,12486.263808941709
4,2023/12/29,22180.952887550535
5,2023/12/29,22189.479475457356
6,2023/12/29,30980.786389695357
7,2023/12/29,35344.19821555918
8,2023/12/29,36685.75628829312
9,2023/12/29,28311.288115948842
10,2023/12/29,41092.16151
12,2023/12/29,7038.785309059241
14,2023/12/29,1537.1277762327686
15,2023/12/29,4691.279559
16,2023/12/29,3019.763422241097
17,2023/12/29,22430.090051461015
18,2023/12/29,7034.920643756355
19,2023/12/29,7382.751861000912
20,2023/12/29,92.05057883
21,2023/12/29,3257.431631028354
22,2023/12/29,12666.561710440654
23,2023/12/29,4127.797097119253
24,2023/12/29,6094.149528
25,2023/12/29,49437.017822666705
26,2023/12/29,3968.165926210478
27,2023/12/29,3924.577116639876
28,2023/12/29,1377.1795179604367
29,2023/12/29,8010.696316381485
30,2023/12/29,5579.221537
31,2023/12/29,13902.079332592024
32,2023/12/29,2660.747328194416
34,2023/12/29,10496.125826113417
35,2023/12/29,33345.359283902326
36,2023/12/29,631.1072696344035
37,2023/12/29,836.3619532867841
38,2023/12/29,4643.491937612094
39,2023/12/29,2379.4791100329367
40,2023/12/29,3251.4158197369584
41,2023/12/29,2047.5100810065644
43,2023/12/29,3917.511344226359
44,2023/12/29,19827.30666
46,2023/12/29,3221.6262683346827
47,2023/12/29,44786.44969513248
48,2023/12/29,742.1853221310122
49,2023/12/29,7714.3722227876915
51,2023/12/29,14287.440275804483
52,2023/12/29,5391.792507854459
53,2023/12/29,36376.47602732541
54,2023/12/29,11742.89324
55,2023/12/29,4054.7806334341753
56,2023/12/29,1697.3649081432027
57,2023/12/29,9450.201464
58,2023/12/29,842.1998928275282
60,2023/12/29,71967.52774977591
61,2023/12/29,785.9254008526322
63,2023/12/29,3815.4015727514143
66,2023/12/29,743.2795909604237
68,2023/12/29,1663.3979953127528
1,2023/12/30,56623.61987732722
2,2023/12/30,10087.110434127742
3,2023/12/30,12486.263808941709
4,2023/12/30,22332.90321803486
5,2023/12/30,22341.42980594168
6,2023/12/30,30980.786389695357
7,2023/12/30,35344.19821555918
8,2023/12/30,36685.75628829312
9,2023/12/30,28332.617532615506
10,2023/12/30,41113.49092627306
12,2023/12/30,7086.494842805076
14,2023/12/30,1582.8164982554722
15,2023/12/30,4671.042289
16,2023/12/30,3030.406850798492
17,2023/12/30,22418.319138439394
18,2023/12/30,7082.948105003441
19,2023/12/30,7445.4703911356755
20,2023/12/30,166.02884197665122
21,2023/12/30,3259.012777981759
22,2023/12/30,12696.599231808177
23,2023/12/30,4125.465066467912
24,2023/12/30,6139.240711552633
25,2023/12/30,49310.57241504766
26,2023/12/30,4347.016941954365
27,2023/12/30,4297.947637364605
28,2023/12/30,1388.867741280601
29,2023/12/30,7907.242907317522
30,2023/12/30,5485.753985252223
31,2023/12/30,13898.236592207408
32,2023/12/30,2613.9680890115283
34,2023/12/30,10448.722664941595
35,2023/12/30,33345.359283902326
36,2023/12/30,654.5917865258156
37,2023/12/30,851.0111469619824
38,2023/12/30,4640.295230220719
39,2023/12/30,2380.5055283519478
40,2023/12/30,3282.958359128884
41,2023/12/30,2076.646876085933
43,2023/12/30,3949.9294951474467
44,2023/12/30,19822.51054939707
46,2023/12/30,3230.3157629290117
47,2023/12/30,43605.64765417988
48,2023/12/30,748.0528988542087
49,2023/12/30,7700.754102
51,2023/12/30,14282.31188186509
52,2023/12/30,5382.8331438829355
53,2023/12/30,36376.47602732541
54,2023/12/30,11772.210316631801
55,2023/12/30,4075.1479157775034
56,2023/12/30,1670.8339890557052
57,2023/12/30,9450.201464
58,2023/12/30,774.3367693101368
60,2023/12/30,72038.73072596638
61,2023/12/30,786.0761058790871
63,2023/12/30,3811.802330327172
66,2023/12/30,743.2442417540746
68,2023/12/30,1670.9049534403953
